((62, 8), (70, 94), (73, 59)) | (39.0, 87.0) | (28.0, 52.0) | (0.0, 20.0) | (82.0, 28.0) | (0.0, 40.0) | (79.0, 20.0) | (4.0, 22.0) | (30.0, 65.0) | (15.0, 45.0) | (79.0, 64.0) | (86.0, 22.0) | (17.0, 54.0) | (54.0, 42.0) | (0.0, 80.0) | (82.0, 53.0) | (43.0, 31.0) | (32.0, 36.0) | (38.0, 44.0) | (8.0, 13.0) | (41.0, 13.0) | (74.0, 99.0) | (16.0, 95.0) | (40.0, 78.0) | (3.0, 20.0) | (81.0, 31.0) | (17.0, 61.0) | (83.0, 67.0) | (84.0, 69.0) | (23.0, 59.0) | (90.0, 53.0) | (91.0, 65.0) | (55.0, 18.0) | (21.0, 48.0) | (4.0, 40.0) | (88.0, 37.0) | (10.0, 93.0) | (23.0, 35.0) | (87.0, 86.0) | (70.0, 12.0) | (70.0, 0.0) | (42.0, 66.0) | (78.0, 34.0) | (30.0, 25.0) | (48.0, 73.0) | (57.0, 7.0) | (32.0, 14.0) | (45.0, 62.0) | (35.0, 79.0) | (82.0, 99.0) | (45.0, 50.0)
((62, 47), (3, 15), (7, 63)) | (81.0, 24.0) | (16.0, 2.0) | (49.0, 13.0) | (81.0, 81.0) | (72.0, 69.0) | (57.0, 68.0) | (42.0, 44.0) | (99.0, 99.0) | (66.0, 0.0) | (18.0, 32.0) | (55.0, 40.0) | (90.0, 0.0) | (53.0, 90.0) | (99.0, 69.0) | (17.0, 99.0) | (59.0, 52.0) | (80.0, 3.0) | (50.0, 53.0) | (20.0, 54.0) | (37.0, 9.0) | (60.0, 0.0) | (35.0, 86.0) | (59.0, 81.0) | (25.0, 33.0) | (5.0, 40.0) | (14.0, 11.0) | (8.0, 28.0) | (25.0, 90.0) | (3.0, 55.0) | (50.0, 83.0) | (69.0, 62.0) | (74.0, 13.0) | (70.0, 35.0) | (78.0, 89.0) | (31.0, 98.0) | (27.0, 71.0) | (46.0, 92.0) | (62.0, 52.0) | (95.0, 28.0) | (76.0, 88.0) | (10.0, 82.0) | (23.0, 53.0) | (74.0, 93.0) | (31.0, 43.0) | (0.0, 40.0) | (58.0, 97.0) | (67.0, 38.0) | (99.0, 58.0) | (60.0, 76.0) | (46.0, 15.0)
((70, 19), (93, 8), (83, 82)) | (35.0, 58.0) | (54.0, 83.0) | (5.0, 8.0) | (86.0, 85.0) | (4.0, 66.0) | (90.0, 0.0) | (48.0, 2.0) | (28.0, 57.0) | (13.0, 74.0) | (29.0, 5.0) | (69.0, 78.0) | (55.0, 19.0) | (6.0, 59.0) | (99.0, 21.0) | (80.0, 0.0) | (78.0, 27.0) | (57.0, 74.0) | (42.0, 56.0) | (8.0, 22.0) | (90.0, 0.0) | (33.0, 71.0) | (65.0, 52.0) | (5.0, 15.0) | (81.0, 96.0) | (36.0, 88.0) | (15.0, 92.0) | (40.0, 0.0) | (92.0, 63.0) | (14.0, 81.0) | (23.0, 22.0) | (65.0, 32.0) | (81.0, 42.0) | (10.0, 71.0) | (33.0, 10.0) | (97.0, 45.0) | (49.0, 9.0) | (21.0, 4.0) | (74.0, 67.0) | (72.0, 45.0) | (68.0, 69.0) | (32.0, 37.0) | (65.0, 85.0) | (32.0, 89.0) | (27.0, 11.0) | (5.0, 87.0) | (67.0, 79.0) | (36.0, 43.0) | (31.0, 4.0) | (49.0, 91.0) | (99.0, 48.0)
((41, 62), (92, 84), (85, 10)) | (45.0, 39.0) | (79.0, 80.0) | (27.0, 96.0) | (46.0, 49.0) | (85.0, 33.0) | (65.0, 61.0) | (96.0, 67.0) | (0.0, 70.0) | (24.0, 57.0) | (78.0, 97.0) | (60.0, 0.0) | (88.0, 42.0) | (59.0, 99.0) | (73.0, 40.0) | (81.0, 87.0) | (72.0, 19.0) | (80.0, 5.0) | (94.0, 21.0) | (0.0, 30.0) | (22.0, 78.0) | (41.0, 99.0) | (40.0, 0.0) | (92.0, 7.0) | (22.0, 53.0) | (11.0, 82.0) | (64.0, 68.0) | (34.0, 61.0) | (98.0, 56.0) | (7.0, 5.0) | (53.0, 68.0) | (32.0, 80.0) | (17.0, 73.0) | (98.0, 0.0) | (41.0, 95.0) | (6.0, 73.0) | (91.0, 44.0) | (58.0, 94.0) | (78.0, 92.0) | (28.0, 32.0) | (35.0, 99.0) | (42.0, 21.0) | (58.0, 30.0) | (27.0, 38.0) | (25.0, 43.0) | (7.0, 50.0) | (6.0, 26.0) | (65.0, 8.0) | (90.0, 0.0) | (45.0, 53.0) | (78.0, 79.0)
((5, 19), (56, 41), (24, 50)) | (69.0, 32.0) | (70.0, 97.0) | (48.0, 66.0) | (32.0, 57.0) | (97.0, 42.0) | (38.0, 69.0) | (0.0, 90.0) | (53.0, 62.0) | (30.0, 21.0) | (69.0, 41.0) | (62.0, 48.0) | (94.0, 24.0) | (46.0, 99.0) | (67.0, 70.0) | (51.0, 28.0) | (38.0, 98.0) | (97.0, 22.0) | (24.0, 30.0) | (59.0, 99.0) | (99.0, 95.0) | (85.0, 91.0) | (43.0, 82.0) | (12.0, 55.0) | (35.0, 53.0) | (4.0, 87.0) | (13.0, 18.0) | (64.0, 97.0) | (70.0, 60.0) | (96.0, 36.0) | (3.0, 74.0) | (43.0, 22.0) | (74.0, 61.0) | (77.0, 15.0) | (0.0, 60.0) | (13.0, 8.0) | (99.0, 4.0) | (29.0, 13.0) | (83.0, 60.0) | (66.0, 70.0) | (46.0, 38.0) | (76.0, 36.0) | (25.0, 73.0) | (22.0, 72.0) | (60.0, 94.0) | (0.0, 40.0) | (99.0, 55.0) | (79.0, 74.0) | (10.0, 0.0) | (80.0, 0.0) | (64.0, 49.0)
((49, 98), (16, 58), (52, 61)) | (31.0, 17.0) | (63.0, 5.0) | (91.0, 58.0) | (89.0, 54.0) | (8.0, 8.0) | (29.0, 87.0) | (62.0, 99.0) | (93.0, 13.0) | (66.0, 63.0) | (1.0, 13.0) | (0.0, 10.0) | (80.0, 71.0) | (33.0, 21.0) | (0.0, 30.0) | (0.0, 20.0) | (58.0, 54.0) | (20.0, 39.0) | (87.0, 80.0) | (72.0, 18.0) | (66.0, 3.0) | (66.0, 86.0) | (20.0, 3.0) | (11.0, 21.0) | (35.0, 84.0) | (16.0, 53.0) | (11.0, 69.0) | (32.0, 98.0) | (56.0, 24.0) | (99.0, 24.0) | (49.0, 71.0) | (79.0, 14.0) | (34.0, 40.0) | (67.0, 40.0) | (95.0, 83.0) | (38.0, 36.0) | (48.0, 20.0) | (66.0, 62.0) | (68.0, 56.0) | (45.0, 9.0) | (84.0, 40.0) | (41.0, 8.0) | (0.0, 43.0) | (1.0, 1.0) | (40.0, 0.0) | (47.0, 7.0) | (24.0, 71.0) | (33.0, 15.0) | (4.0, 10.0) | (70.0, 1.0) | (74.0, 96.0)
((57, 56), (32, 83), (79, 60)) | (69.0, 21.0) | (3.0, 38.0) | (69.0, 16.0) | (12.0, 56.0) | (92.0, 68.0) | (0.0, 70.0) | (54.0, 46.0) | (60.0, 76.0) | (59.0, 98.0) | (98.0, 17.0) | (42.0, 56.0) | (43.0, 83.0) | (29.0, 62.0) | (50.0, 96.0) | (36.0, 57.0) | (20.0, 77.0) | (59.0, 88.0) | (40.0, 0.0) | (73.0, 34.0) | (78.0, 48.0) | (21.0, 21.0) | (30.0, 0.0) | (62.0, 6.0) | (89.0, 17.0) | (12.0, 83.0) | (41.0, 14.0) | (11.0, 29.0) | (30.0, 52.0) | (68.0, 44.0) | (0.0, 10.0) | (54.0, 4.0) | (99.0, 22.0) | (95.0, 71.0) | (34.0, 0.0) | (60.0, 0.0) | (26.0, 99.0) | (99.0, 43.0) | (30.0, 90.0) | (7.0, 70.0) | (40.0, 93.0) | (43.0, 26.0) | (40.0, 0.0) | (92.0, 99.0) | (63.0, 99.0) | (61.0, 47.0) | (18.0, 23.0) | (18.0, 99.0) | (87.0, 99.0) | (0.0, 7.0) | (98.0, 10.0)
((68, 84), (21, 28), (57, 97)) | (60.0, 59.0) | (24.0, 57.0) | (65.0, 75.0) | (99.0, 85.0) | (65.0, 73.0) | (71.0, 46.0) | (34.0, 75.0) | (29.0, 63.0) | (19.0, 14.0) | (97.0, 45.0) | (46.0, 7.0) | (93.0, 10.0) | (80.0, 6.0) | (37.0, 34.0) | (19.0, 96.0) | (13.0, 68.0) | (26.0, 87.0) | (7.0, 61.0) | (22.0, 16.0) | (39.0, 24.0) | (39.0, 33.0) | (70.0, 81.0) | (99.0, 5.0) | (28.0, 74.0) | (19.0, 94.0) | (76.0, 83.0) | (70.0, 54.0) | (40.0, 38.0) | (98.0, 67.0) | (45.0, 85.0) | (46.0, 30.0) | (22.0, 75.0) | (88.0, 12.0) | (30.0, 0.0) | (55.0, 9.0) | (29.0, 73.0) | (54.0, 39.0) | (99.0, 62.0) | (78.0, 0.0) | (42.0, 94.0) | (32.0, 29.0) | (10.0, 0.0) | (64.0, 64.0) | (92.0, 52.0) | (90.0, 90.0) | (65.0, 5.0) | (37.0, 32.0) | (32.0, 3.0) | (14.0, 61.0) | (0.0, 20.0)
((77, 15), (50, 38), (56, 1)) | (90.0, 0.0) | (70.0, 0.0) | (8.0, 22.0) | (2.0, 68.0) | (42.0, 8.0) | (8.0, 40.0) | (64.0, 35.0) | (53.0, 6.0) | (63.0, 97.0) | (36.0, 22.0) | (0.0, 30.0) | (78.0, 80.0) | (43.0, 44.0) | (15.0, 46.0) | (73.0, 32.0) | (40.0, 28.0) | (36.0, 83.0) | (22.0, 99.0) | (0.0, 20.0) | (69.0, 63.0) | (31.0, 67.0) | (14.0, 32.0) | (77.0, 42.0) | (99.0, 75.0) | (70.0, 34.0) | (54.0, 58.0) | (33.0, 99.0) | (24.0, 37.0) | (6.0, 99.0) | (20.0, 57.0) | (0.0, 20.0) | (41.0, 9.0) | (11.0, 33.0) | (67.0, 97.0) | (6.0, 52.0) | (89.0, 6.0) | (0.0, 90.0) | (85.0, 14.0) | (68.0, 52.0) | (90.0, 0.0) | (63.0, 61.0) | (33.0, 34.0) | (87.0, 9.0) | (55.0, 40.0) | (38.0, 38.0) | (68.0, 68.0) | (99.0, 74.0) | (85.0, 87.0) | (52.0, 98.0) | (94.0, 81.0)
((67, 22), (75, 68), (31, 54)) | (21.0, 41.0) | (68.0, 60.0) | (62.0, 16.0) | (70.0, 0.0) | (25.0, 47.0) | (40.0, 20.0) | (1.0, 0.0) | (44.0, 99.0) | (87.0, 70.0) | (40.0, 86.0) | (52.0, 24.0) | (64.0, 48.0) | (85.0, 53.0) | (10.0, 1.0) | (45.0, 41.0) | (18.0, 77.0) | (2.0, 69.0) | (62.0, 77.0) | (60.0, 15.0) | (51.0, 51.0) | (1.0, 95.0) | (97.0, 68.0) | (67.0, 46.0) | (0.0, 40.0) | (10.0, 22.0) | (98.0, 49.0) | (73.0, 46.0) | (8.0, 45.0) | (32.0, 8.0) | (53.0, 19.0) | (65.0, 94.0) | (23.0, 7.0) | (76.0, 96.0) | (17.0, 58.0) | (55.0, 35.0) | (70.0, 74.0) | (81.0, 37.0) | (41.0, 88.0) | (4.0, 28.0) | (90.0, 90.0) | (26.0, 48.0) | (72.0, 9.0) | (43.0, 86.0) | (67.0, 75.0) | (47.0, 15.0) | (56.0, 65.0) | (57.0, 88.0) | (3.0, 48.0) | (56.0, 93.0) | (42.0, 5.0)
((25, 29), (68, 50), (98, 95)) | (31.0, 99.0) | (95.0, 20.0) | (14.0, 45.0) | (0.0, 71.0) | (72.0, 35.0) | (0.0, 20.0) | (36.0, 10.0) | (41.0, 29.0) | (72.0, 16.0) | (10.0, 54.0) | (17.0, 12.0) | (45.0, 90.0) | (90.0, 0.0) | (18.0, 75.0) | (22.0, 97.0) | (16.0, 44.0) | (8.0, 46.0) | (33.0, 99.0) | (35.0, 57.0) | (91.0, 51.0) | (0.0, 20.0) | (95.0, 72.0) | (53.0, 33.0) | (43.0, 16.0) | (92.0, 58.0) | (79.0, 48.0) | (45.0, 6.0) | (0.0, 0.0) | (6.0, 38.0) | (34.0, 53.0) | (25.0, 19.0) | (12.0, 47.0) | (98.0, 23.0) | (4.0, 97.0) | (99.0, 32.0) | (27.0, 91.0) | (70.0, 21.0) | (13.0, 76.0) | (80.0, 0.0) | (58.0, 36.0) | (36.0, 45.0) | (20.0, 43.0) | (76.0, 99.0) | (61.0, 56.0) | (3.0, 22.0) | (10.0, 13.0) | (74.0, 38.0) | (42.0, 97.0) | (31.0, 13.0) | (11.0, 21.0)
((62, 49), (76, 18), (10, 76)) | (17.0, 42.0) | (90.0, 31.0) | (10.0, 40.0) | (0.0, 20.0) | (35.0, 37.0) | (96.0, 67.0) | (14.0, 10.0) | (72.0, 44.0) | (7.0, 52.0) | (40.0, 0.0) | (99.0, 72.0) | (38.0, 71.0) | (92.0, 71.0) | (91.0, 86.0) | (89.0, 85.0) | (71.0, 67.0) | (75.0, 33.0) | (23.0, 77.0) | (58.0, 60.0) | (69.0, 8.0) | (50.0, 1.0) | (20.0, 33.0) | (65.0, 60.0) | (35.0, 14.0) | (81.0, 15.0) | (61.0, 85.0) | (76.0, 85.0) | (64.0, 75.0) | (76.0, 98.0) | (23.0, 7.0) | (91.0, 99.0) | (0.0, 90.0) | (21.0, 14.0) | (93.0, 29.0) | (60.0, 0.0) | (77.0, 28.0) | (42.0, 84.0) | (94.0, 60.0) | (62.0, 98.0) | (76.0, 68.0) | (45.0, 99.0) | (65.0, 17.0) | (37.0, 38.0) | (96.0, 75.0) | (84.0, 54.0) | (24.0, 34.0) | (1.0, 51.0) | (16.0, 46.0) | (66.0, 7.0) | (29.0, 47.0)
((71, 75), (86, 66), (20, 12)) | (37.0, 74.0) | (85.0, 7.0) | (71.0, 89.0) | (32.0, 45.0) | (0.0, 90.0) | (97.0, 22.0) | (34.0, 12.0) | (44.0, 64.0) | (59.0, 61.0) | (54.0, 27.0) | (43.0, 79.0) | (72.0, 46.0) | (79.0, 52.0) | (80.0, 18.0) | (98.0, 16.0) | (78.0, 18.0) | (0.0, 30.0) | (59.0, 90.0) | (78.0, 77.0) | (15.0, 43.0) | (43.0, 13.0) | (11.0, 88.0) | (70.0, 48.0) | (17.0, 89.0) | (87.0, 68.0) | (65.0, 32.0) | (75.0, 25.0) | (59.0, 94.0) | (86.0, 48.0) | (31.0, 37.0) | (58.0, 36.0) | (4.0, 6.0) | (68.0, 21.0) | (86.0, 70.0) | (73.0, 81.0) | (54.0, 73.0) | (70.0, 0.0) | (78.0, 67.0) | (58.0, 16.0) | (67.0, 38.0) | (74.0, 65.0) | (91.0, 89.0) | (65.0, 92.0) | (99.0, 81.0) | (74.0, 48.0) | (72.0, 45.0) | (90.0, 14.0) | (85.0, 72.0) | (68.0, 36.0) | (71.0, 0.0)
((37, 83), (57, 54), (97, 8)) | (61.0, 14.0) | (35.0, 30.0) | (6.0, 45.0) | (60.0, 35.0) | (78.0, 6.0) | (20.0, 99.0) | (65.0, 26.0) | (1.0, 1.0) | (18.0, 54.0) | (10.0, 0.0) | (22.0, 83.0) | (45.0, 10.0) | (63.0, 79.0) | (0.0, 80.0) | (16.0, 14.0) | (16.0, 57.0) | (28.0, 90.0) | (10.0, 50.0) | (32.0, 25.0) | (65.0, 12.0) | (22.0, 36.0) | (32.0, 30.0) | (69.0, 91.0) | (16.0, 11.0) | (37.0, 64.0) | (88.0, 51.0) | (76.0, 0.0) | (22.0, 35.0) | (56.0, 15.0) | (92.0, 71.0) | (49.0, 89.0) | (66.0, 27.0) | (91.0, 72.0) | (19.0, 92.0) | (76.0, 88.0) | (40.0, 0.0) | (33.0, 11.0) | (22.0, 27.0) | (99.0, 0.0) | (28.0, 40.0) | (24.0, 94.0) | (53.0, 31.0) | (64.0, 26.0) | (63.0, 24.0) | (54.0, 50.0) | (68.0, 52.0) | (14.0, 19.0) | (90.0, 0.0) | (31.0, 95.0) | (2.0, 54.0)
((17, 98), (97, 16), (75, 80)) | (57.0, 30.0) | (36.0, 77.0) | (23.0, 62.0) | (9.0, 19.0) | (3.0, 78.0) | (56.0, 20.0) | (46.0, 59.0) | (36.0, 11.0) | (75.0, 71.0) | (95.0, 44.0) | (92.0, 47.0) | (64.0, 53.0) | (50.0, 7.0) | (61.0, 23.0) | (22.0, 44.0) | (25.0, 23.0) | (99.0, 73.0) | (51.0, 32.0) | (51.0, 59.0) | (74.0, 34.0) | (10.0, 82.0) | (16.0, 81.0) | (65.0, 80.0) | (54.0, 15.0) | (80.0, 20.0) | (86.0, 65.0) | (61.0, 96.0) | (12.0, 33.0) | (39.0, 11.0) | (71.0, 13.0) | (74.0, 25.0) | (43.0, 20.0) | (50.0, 60.0) | (90.0, 15.0) | (36.0, 22.0) | (43.0, 24.0) | (59.0, 7.0) | (34.0, 97.0) | (19.0, 9.0) | (47.0, 7.0) | (10.0, 93.0) | (16.0, 93.0) | (60.0, 85.0) | (26.0, 80.0) | (0.0, 50.0) | (64.0, 32.0) | (59.0, 33.0) | (53.0, 30.0) | (51.0, 75.0) | (83.0, 27.0)
((20, 47), (61, 9), (28, 56)) | (5.0, 24.0) | (88.0, 83.0) | (47.0, 59.0) | (40.0, 9.0) | (16.0, 64.0) | (78.0, 68.0) | (81.0, 52.0) | (93.0, 71.0) | (96.0, 21.0) | (30.0, 23.0) | (65.0, 70.0) | (69.0, 43.0) | (78.0, 64.0) | (80.0, 42.0) | (50.0, 39.0) | (13.0, 59.0) | (58.0, 47.0) | (21.0, 94.0) | (75.0, 66.0) | (62.0, 22.0) | (52.0, 78.0) | (96.0, 25.0) | (16.0, 16.0) | (1.0, 61.0) | (98.0, 49.0) | (46.0, 80.0) | (60.0, 0.0) | (25.0, 22.0) | (25.0, 41.0) | (37.0, 94.0) | (90.0, 0.0) | (3.0, 88.0) | (6.0, 87.0) | (45.0, 95.0) | (41.0, 72.0) | (33.0, 60.0) | (50.0, 74.0) | (3.0, 63.0) | (10.0, 0.0) | (42.0, 5.0) | (46.0, 13.0) | (28.0, 24.0) | (59.0, 82.0) | (72.0, 83.0) | (0.0, 40.0) | (8.0, 84.0) | (11.0, 96.0) | (14.0, 51.0) | (47.0, 99.0) | (69.0, 25.0)
((41, 10), (74, 3), (53, 74)) | (8.0, 0.0) | (18.0, 33.0) | (45.0, 15.0) | (62.0, 34.0) | (95.0, 41.0) | (86.0, 98.0) | (60.0, 30.0) | (94.0, 64.0) | (82.0, 38.0) | (35.0, 13.0) | (61.0, 79.0) | (20.0, 0.0) | (70.0, 52.0) | (35.0, 66.0) | (60.0, 0.0) | (29.0, 22.0) | (36.0, 82.0) | (59.0, 45.0) | (25.0, 8.0) | (42.0, 27.0) | (34.0, 23.0) | (18.0, 36.0) | (8.0, 77.0) | (91.0, 81.0) | (65.0, 89.0) | (21.0, 89.0) | (58.0, 47.0) | (32.0, 84.0) | (68.0, 61.0) | (39.0, 61.0) | (34.0, 39.0) | (91.0, 66.0) | (45.0, 60.0) | (32.0, 11.0) | (90.0, 6.0) | (98.0, 44.0) | (31.0, 3.0) | (67.0, 70.0) | (40.0, 64.0) | (73.0, 85.0) | (21.0, 58.0) | (47.0, 70.0) | (49.0, 1.0) | (8.0, 54.0) | (14.0, 58.0) | (54.0, 41.0) | (11.0, 85.0) | (85.0, 7.0) | (76.0, 22.0) | (12.0, 97.0)
((31, 82), (70, 55), (34, 8)) | (93.0, 26.0) | (53.0, 99.0) | (31.0, 43.0) | (99.0, 47.0) | (0.0, 90.0) | (73.0, 51.0) | (99.0, 70.0) | (89.0, 27.0) | (99.0, 99.0) | (88.0, 86.0) | (6.0, 91.0) | (47.0, 92.0) | (41.0, 58.0) | (32.0, 39.0) | (0.0, 60.0) | (98.0, 59.0) | (94.0, 49.0) | (41.0, 65.0) | (50.0, 8.0) | (14.0, 90.0) | (83.0, 13.0) | (20.0, 0.0) | (83.0, 21.0) | (98.0, 99.0) | (43.0, 86.0) | (87.0, 72.0) | (65.0, 65.0) | (11.0, 5.0) | (21.0, 54.0) | (69.0, 17.0) | (1.0, 11.0) | (39.0, 99.0) | (82.0, 56.0) | (7.0, 9.0) | (86.0, 28.0) | (0.0, 97.0) | (88.0, 33.0) | (29.0, 68.0) | (14.0, 86.0) | (63.0, 85.0) | (41.0, 9.0) | (13.0, 80.0) | (29.0, 19.0) | (20.0, 0.0) | (12.0, 27.0) | (33.0, 24.0) | (40.0, 0.0) | (49.0, 74.0) | (21.0, 13.0) | (20.0, 76.0)
((0, 23), (13, 57), (59, 26)) | (97.0, 91.0) | (90.0, 82.0) | (71.0, 94.0) | (20.0, 0.0) | (67.0, 0.0) | (21.0, 73.0) | (29.0, 5.0) | (77.0, 84.0) | (61.0, 74.0) | (90.0, 70.0) | (65.0, 34.0) | (26.0, 57.0) | (63.0, 95.0) | (91.0, 97.0) | (30.0, 0.0) | (70.0, 6.0) | (57.0, 32.0) | (95.0, 78.0) | (83.0, 28.0) | (10.0, 88.0) | (1.0, 85.0) | (41.0, 55.0) | (86.0, 4.0) | (14.0, 72.0) | (75.0, 99.0) | (64.0, 41.0) | (94.0, 62.0) | (93.0, 89.0) | (78.0, 65.0) | (35.0, 61.0) | (50.0, 70.0) | (84.0, 95.0) | (28.0, 11.0) | (84.0, 80.0) | (84.0, 99.0) | (82.0, 37.0) | (14.0, 42.0) | (65.0, 70.0) | (55.0, 87.0) | (84.0, 70.0) | (43.0, 19.0) | (87.0, 61.0) | (25.0, 69.0) | (79.0, 43.0) | (0.0, 86.0) | (17.0, 87.0) | (61.0, 95.0) | (58.0, 4.0) | (83.0, 47.0) | (30.0, 87.0)
((44, 55), (8, 48), (98, 60)) | (49.0, 35.0) | (58.0, 93.0) | (80.0, 81.0) | (8.0, 59.0) | (0.0, 90.0) | (70.0, 72.0) | (91.0, 23.0) | (80.0, 77.0) | (29.0, 68.0) | (81.0, 8.0) | (82.0, 92.0) | (46.0, 50.0) | (50.0, 42.0) | (28.0, 69.0) | (48.0, 46.0) | (28.0, 80.0) | (10.0, 68.0) | (98.0, 65.0) | (7.0, 41.0) | (9.0, 33.0) | (78.0, 93.0) | (17.0, 12.0) | (17.0, 12.0) | (0.0, 80.0) | (58.0, 77.0) | (89.0, 36.0) | (87.0, 32.0) | (13.0, 10.0) | (0.0, 20.0) | (40.0, 91.0) | (69.0, 10.0) | (6.0, 78.0) | (62.0, 70.0) | (18.0, 22.0) | (70.0, 0.0) | (69.0, 39.0) | (37.0, 3.0) | (12.0, 75.0) | (83.0, 21.0) | (7.0, 72.0) | (80.0, 13.0) | (10.0, 0.0) | (59.0, 37.0) | (99.0, 83.0) | (41.0, 90.0) | (0.0, 1.0) | (51.0, 64.0) | (0.0, 90.0) | (60.0, 16.0) | (39.0, 45.0)
((7, 5), (1, 10), (82, 74)) | (31.0, 3.0) | (95.0, 20.0) | (23.0, 57.0) | (36.0, 72.0) | (73.0, 48.0) | (28.0, 82.0) | (0.0, 30.0) | (0.0, 20.0) | (79.0, 80.0) | (41.0, 96.0) | (6.0, 41.0) | (11.0, 37.0) | (27.0, 50.0) | (30.0, 49.0) | (59.0, 97.0) | (13.0, 44.0) | (1.0, 50.0) | (21.0, 93.0) | (88.0, 28.0) | (98.0, 99.0) | (0.0, 48.0) | (46.0, 21.0) | (65.0, 91.0) | (59.0, 89.0) | (18.0, 66.0) | (80.0, 0.0) | (80.0, 78.0) | (63.0, 7.0) | (50.0, 18.0) | (33.0, 8.0) | (10.0, 1.0) | (6.0, 66.0) | (31.0, 12.0) | (26.0, 96.0) | (24.0, 89.0) | (68.0, 98.0) | (45.0, 95.0) | (90.0, 40.0) | (32.0, 7.0) | (90.0, 84.0) | (96.0, 3.0) | (23.0, 45.0) | (89.0, 10.0) | (12.0, 47.0) | (17.0, 71.0) | (4.0, 24.0) | (78.0, 81.0) | (82.0, 59.0) | (0.0, 50.0) | (40.0, 0.0)
((23, 45), (85, 64), (94, 24)) | (60.0, 6.0) | (23.0, 69.0) | (95.0, 78.0) | (99.0, 30.0) | (57.0, 16.0) | (12.0, 47.0) | (45.0, 27.0) | (5.0, 67.0) | (36.0, 72.0) | (67.0, 95.0) | (70.0, 0.0) | (9.0, 23.0) | (0.0, 10.0) | (53.0, 99.0) | (20.0, 96.0) | (75.0, 45.0) | (32.0, 20.0) | (25.0, 80.0) | (27.0, 70.0) | (30.0, 0.0) | (82.0, 99.0) | (59.0, 28.0) | (0.0, 1.0) | (29.0, 20.0) | (0.0, 26.0) | (43.0, 90.0) | (76.0, 97.0) | (31.0, 72.0) | (82.0, 47.0) | (74.0, 15.0) | (41.0, 76.0) | (91.0, 55.0) | (99.0, 40.0) | (18.0, 14.0) | (75.0, 99.0) | (82.0, 87.0) | (22.0, 71.0) | (10.0, 0.0) | (40.0, 77.0) | (45.0, 84.0) | (35.0, 99.0) | (41.0, 71.0) | (40.0, 47.0) | (92.0, 16.0) | (54.0, 13.0) | (89.0, 41.0) | (49.0, 97.0) | (44.0, 47.0) | (84.0, 22.0) | (90.0, 85.0)
((23, 8), (18, 79), (76, 76)) | (63.0, 13.0) | (19.0, 94.0) | (99.0, 64.0) | (93.0, 62.0) | (99.0, 15.0) | (24.0, 6.0) | (45.0, 29.0) | (59.0, 77.0) | (76.0, 61.0) | (50.0, 12.0) | (70.0, 45.0) | (59.0, 21.0) | (41.0, 73.0) | (43.0, 97.0) | (99.0, 35.0) | (57.0, 66.0) | (15.0, 78.0) | (10.0, 0.0) | (16.0, 29.0) | (21.0, 51.0) | (99.0, 57.0) | (48.0, 8.0) | (48.0, 95.0) | (17.0, 65.0) | (45.0, 5.0) | (90.0, 49.0) | (65.0, 52.0) | (65.0, 99.0) | (31.0, 89.0) | (39.0, 74.0) | (23.0, 37.0) | (0.0, 70.0) | (20.0, 21.0) | (98.0, 37.0) | (19.0, 31.0) | (0.0, 50.0) | (36.0, 42.0) | (18.0, 87.0) | (37.0, 36.0) | (73.0, 52.0) | (70.0, 71.0) | (60.0, 35.0) | (13.0, 30.0) | (44.0, 9.0) | (19.0, 74.0) | (97.0, 94.0) | (66.0, 79.0) | (79.0, 59.0) | (90.0, 0.0) | (61.0, 81.0)
((62, 80), (0, 30), (59, 86)) | (12.0, 72.0) | (81.0, 73.0) | (40.0, 19.0) | (30.0, 40.0) | (0.0, 10.0) | (42.0, 28.0) | (79.0, 17.0) | (48.0, 19.0) | (0.0, 40.0) | (9.0, 75.0) | (23.0, 91.0) | (75.0, 59.0) | (77.0, 32.0) | (66.0, 93.0) | (79.0, 50.0) | (68.0, 63.0) | (13.0, 86.0) | (57.0, 56.0) | (74.0, 54.0) | (53.0, 1.0) | (25.0, 27.0) | (90.0, 87.0) | (80.0, 0.0) | (41.0, 88.0) | (96.0, 81.0) | (89.0, 34.0) | (27.0, 76.0) | (44.0, 30.0) | (75.0, 50.0) | (68.0, 1.0) | (67.0, 6.0) | (91.0, 18.0) | (69.0, 42.0) | (86.0, 5.0) | (53.0, 36.0) | (77.0, 92.0) | (93.0, 9.0) | (37.0, 44.0) | (91.0, 13.0) | (7.0, 71.0) | (6.0, 93.0) | (56.0, 2.0) | (99.0, 28.0) | (2.0, 14.0) | (52.0, 91.0) | (97.0, 17.0) | (56.0, 30.0) | (13.0, 22.0) | (98.0, 63.0) | (51.0, 0.0)
((28, 43), (84, 36), (7, 50)) | (40.0, 50.0) | (32.0, 22.0) | (22.0, 2.0) | (20.0, 68.0) | (28.0, 18.0) | (0.0, 80.0) | (58.0, 23.0) | (31.0, 10.0) | (81.0, 20.0) | (42.0, 98.0) | (37.0, 61.0) | (74.0, 81.0) | (90.0, 23.0) | (28.0, 52.0) | (0.0, 0.0) | (90.0, 15.0) | (52.0, 59.0) | (90.0, 0.0) | (0.0, 0.0) | (0.0, 41.0) | (98.0, 99.0) | (57.0, 16.0) | (21.0, 10.0) | (12.0, 38.0) | (4.0, 1.0) | (50.0, 63.0) | (52.0, 71.0) | (53.0, 29.0) | (34.0, 74.0) | (40.0, 0.0) | (0.0, 30.0) | (80.0, 0.0) | (38.0, 58.0) | (77.0, 73.0) | (21.0, 83.0) | (51.0, 82.0) | (37.0, 71.0) | (26.0, 26.0) | (23.0, 1.0) | (93.0, 78.0) | (65.0, 94.0) | (80.0, 21.0) | (86.0, 0.0) | (1.0, 28.0) | (40.0, 57.0) | (77.0, 18.0) | (90.0, 5.0) | (76.0, 90.0) | (66.0, 99.0) | (66.0, 13.0)
((93, 28), (45, 49), (92, 46)) | (44.0, 82.0) | (90.0, 81.0) | (84.0, 54.0) | (8.0, 52.0) | (29.0, 70.0) | (39.0, 46.0) | (70.0, 29.0) | (76.0, 8.0) | (46.0, 18.0) | (90.0, 51.0) | (0.0, 1.0) | (37.0, 25.0) | (39.0, 24.0) | (39.0, 54.0) | (92.0, 99.0) | (85.0, 30.0) | (0.0, 80.0) | (47.0, 83.0) | (8.0, 12.0) | (25.0, 17.0) | (66.0, 97.0) | (27.0, 47.0) | (44.0, 79.0) | (87.0, 25.0) | (56.0, 23.0) | (37.0, 25.0) | (8.0, 15.0) | (43.0, 74.0) | (28.0, 36.0) | (0.0, 40.0) | (26.0, 64.0) | (80.0, 75.0) | (70.0, 0.0) | (91.0, 85.0) | (96.0, 62.0) | (49.0, 86.0) | (96.0, 71.0) | (62.0, 80.0) | (89.0, 74.0) | (96.0, 81.0) | (4.0, 23.0) | (49.0, 3.0) | (75.0, 97.0) | (70.0, 0.0) | (55.0, 85.0) | (18.0, 74.0) | (67.0, 16.0) | (67.0, 94.0) | (15.0, 41.0) | (0.0, 20.0)
((14, 25), (19, 66), (33, 46)) | (65.0, 5.0) | (32.0, 51.0) | (49.0, 97.0) | (73.0, 20.0) | (46.0, 0.0) | (99.0, 46.0) | (57.0, 39.0) | (68.0, 48.0) | (82.0, 81.0) | (45.0, 67.0) | (75.0, 82.0) | (99.0, 28.0) | (56.0, 56.0) | (30.0, 16.0) | (5.0, 80.0) | (43.0, 84.0) | (37.0, 49.0) | (10.0, 30.0) | (84.0, 70.0) | (60.0, 10.0) | (23.0, 43.0) | (31.0, 70.0) | (94.0, 19.0) | (6.0, 16.0) | (50.0, 30.0) | (14.0, 52.0) | (69.0, 27.0) | (16.0, 44.0) | (0.0, 50.0) | (91.0, 19.0) | (90.0, 0.0) | (44.0, 98.0) | (30.0, 51.0) | (33.0, 91.0) | (30.0, 75.0) | (52.0, 42.0) | (34.0, 16.0) | (70.0, 99.0) | (28.0, 71.0) | (61.0, 20.0) | (45.0, 47.0) | (48.0, 49.0) | (50.0, 0.0) | (26.0, 48.0) | (79.0, 64.0) | (6.0, 74.0) | (40.0, 88.0) | (70.0, 21.0) | (21.0, 39.0) | (46.0, 89.0)
((9, 27), (97, 40), (23, 49)) | (20.0, 99.0) | (36.0, 48.0) | (55.0, 18.0) | (75.0, 52.0) | (30.0, 23.0) | (11.0, 68.0) | (72.0, 11.0) | (20.0, 0.0) | (68.0, 95.0) | (99.0, 20.0) | (71.0, 89.0) | (9.0, 46.0) | (33.0, 42.0) | (85.0, 30.0) | (61.0, 9.0) | (67.0, 49.0) | (40.0, 92.0) | (89.0, 49.0) | (38.0, 79.0) | (50.0, 30.0) | (63.0, 61.0) | (28.0, 11.0) | (62.0, 9.0) | (18.0, 6.0) | (6.0, 88.0) | (70.0, 80.0) | (15.0, 71.0) | (32.0, 60.0) | (60.0, 70.0) | (96.0, 48.0) | (0.0, 30.0) | (50.0, 9.0) | (6.0, 35.0) | (15.0, 73.0) | (71.0, 63.0) | (59.0, 88.0) | (43.0, 93.0) | (17.0, 56.0) | (0.0, 10.0) | (36.0, 20.0) | (44.0, 90.0) | (13.0, 2.0) | (64.0, 1.0) | (27.0, 11.0) | (44.0, 10.0) | (0.0, 10.0) | (45.0, 99.0) | (76.0, 69.0) | (70.0, 16.0) | (23.0, 66.0)
((78, 40), (68, 75), (81, 68)) | (49.0, 30.0) | (82.0, 36.0) | (93.0, 27.0) | (7.0, 61.0) | (51.0, 51.0) | (66.0, 4.0) | (77.0, 61.0) | (84.0, 56.0) | (68.0, 94.0) | (83.0, 38.0) | (26.0, 19.0) | (68.0, 49.0) | (55.0, 95.0) | (28.0, 24.0) | (0.0, 10.0) | (62.0, 60.0) | (68.0, 20.0) | (46.0, 61.0) | (75.0, 76.0) | (60.0, 13.0) | (90.0, 0.0) | (99.0, 7.0) | (51.0, 79.0) | (52.0, 97.0) | (99.0, 88.0) | (84.0, 47.0) | (57.0, 16.0) | (16.0, 33.0) | (12.0, 80.0) | (0.0, 10.0) | (97.0, 54.0) | (46.0, 50.0) | (14.0, 37.0) | (19.0, 60.0) | (46.0, 98.0) | (18.0, 20.0) | (16.0, 18.0) | (48.0, 43.0) | (38.0, 46.0) | (71.0, 6.0) | (0.0, 30.0) | (77.0, 79.0) | (73.0, 95.0) | (68.0, 86.0) | (21.0, 59.0) | (56.0, 10.0) | (57.0, 57.0) | (12.0, 95.0) | (18.0, 67.0) | (27.0, 32.0)
((68, 49), (58, 35), (34, 48)) | (28.0, 82.0) | (86.0, 26.0) | (60.0, 0.0) | (48.0, 74.0) | (74.0, 91.0) | (80.0, 69.0) | (33.0, 73.0) | (25.0, 11.0) | (53.0, 72.0) | (24.0, 72.0) | (7.0, 98.0) | (0.0, 70.0) | (38.0, 25.0) | (32.0, 77.0) | (50.0, 64.0) | (38.0, 33.0) | (60.0, 30.0) | (76.0, 50.0) | (0.0, 0.0) | (55.0, 96.0) | (15.0, 82.0) | (15.0, 69.0) | (29.0, 91.0) | (84.0, 63.0) | (18.0, 35.0) | (0.0, 10.0) | (70.0, 0.0) | (80.0, 0.0) | (76.0, 0.0) | (63.0, 61.0) | (77.0, 44.0) | (15.0, 99.0) | (14.0, 29.0) | (12.0, 73.0) | (44.0, 84.0) | (96.0, 13.0) | (73.0, 50.0) | (5.0, 13.0) | (59.0, 25.0) | (56.0, 55.0) | (52.0, 56.0) | (18.0, 45.0) | (38.0, 66.0) | (71.0, 18.0) | (83.0, 74.0) | (79.0, 86.0) | (54.0, 92.0) | (74.0, 85.0) | (99.0, 91.0) | (72.0, 13.0)
((38, 38), (24, 74), (49, 96)) | (70.0, 0.0) | (66.0, 69.0) | (50.0, 0.0) | (88.0, 21.0) | (18.0, 93.0) | (59.0, 48.0) | (18.0, 83.0) | (12.0, 86.0) | (79.0, 62.0) | (96.0, 37.0) | (31.0, 7.0) | (47.0, 13.0) | (75.0, 16.0) | (59.0, 36.0) | (90.0, 0.0) | (49.0, 56.0) | (74.0, 75.0) | (80.0, 80.0) | (49.0, 40.0) | (12.0, 14.0) | (82.0, 57.0) | (20.0, 0.0) | (89.0, 44.0) | (6.0, 79.0) | (44.0, 28.0) | (42.0, 76.0) | (68.0, 14.0) | (81.0, 60.0) | (73.0, 38.0) | (48.0, 45.0) | (38.0, 70.0) | (64.0, 28.0) | (79.0, 57.0) | (2.0, 99.0) | (58.0, 13.0) | (90.0, 0.0) | (83.0, 78.0) | (63.0, 78.0) | (34.0, 84.0) | (85.0, 86.0) | (65.0, 5.0) | (87.0, 14.0) | (78.0, 15.0) | (58.0, 64.0) | (8.0, 30.0) | (32.0, 99.0) | (29.0, 33.0) | (0.0, 60.0) | (9.0, 30.0) | (23.0, 43.0)
((26, 4), (56, 86), (42, 49)) | (0.0, 80.0) | (30.0, 58.0) | (13.0, 71.0) | (42.0, 85.0) | (21.0, 58.0) | (11.0, 52.0) | (38.0, 61.0) | (36.0, 74.0) | (88.0, 99.0) | (80.0, 63.0) | (74.0, 43.0) | (64.0, 49.0) | (30.0, 59.0) | (96.0, 99.0) | (67.0, 99.0) | (93.0, 27.0) | (1.0, 62.0) | (19.0, 29.0) | (37.0, 50.0) | (46.0, 29.0) | (80.0, 0.0) | (50.0, 50.0) | (85.0, 83.0) | (92.0, 41.0) | (0.0, 80.0) | (65.0, 97.0) | (9.0, 99.0) | (82.0, 21.0) | (96.0, 89.0) | (66.0, 10.0) | (6.0, 5.0) | (34.0, 89.0) | (67.0, 61.0) | (60.0, 52.0) | (90.0, 21.0) | (0.0, 70.0) | (82.0, 8.0) | (47.0, 88.0) | (71.0, 30.0) | (84.0, 90.0) | (79.0, 32.0) | (18.0, 48.0) | (79.0, 80.0) | (71.0, 85.0) | (78.0, 31.0) | (79.0, 38.0) | (24.0, 30.0) | (31.0, 90.0) | (27.0, 83.0) | (72.0, 44.0)
((95, 41), (44, 81), (59, 52)) | (73.0, 91.0) | (40.0, 8.0) | (52.0, 25.0) | (35.0, 48.0) | (0.0, 80.0) | (35.0, 98.0) | (63.0, 5.0) | (31.0, 85.0) | (85.0, 27.0) | (7.0, 71.0) | (44.0, 63.0) | (71.0, 24.0) | (48.0, 46.0) | (1.0, 0.0) | (19.0, 34.0) | (60.0, 0.0) | (31.0, 83.0) | (8.0, 15.0) | (32.0, 53.0) | (75.0, 85.0) | (90.0, 0.0) | (30.0, 62.0) | (22.0, 71.0) | (71.0, 12.0) | (16.0, 33.0) | (95.0, 54.0) | (5.0, 34.0) | (33.0, 44.0) | (89.0, 78.0) | (43.0, 92.0) | (44.0, 0.0) | (13.0, 96.0) | (0.0, 80.0) | (89.0, 29.0) | (46.0, 8.0) | (45.0, 66.0) | (40.0, 38.0) | (71.0, 84.0) | (37.0, 94.0) | (9.0, 51.0) | (54.0, 93.0) | (83.0, 93.0) | (24.0, 35.0) | (21.0, 67.0) | (47.0, 0.0) | (17.0, 85.0) | (89.0, 50.0) | (69.0, 83.0) | (11.0, 58.0) | (5.0, 87.0)
((16, 66), (64, 50), (64, 67)) | (98.0, 71.0) | (29.0, 76.0) | (52.0, 71.0) | (93.0, 33.0) | (56.0, 74.0) | (68.0, 85.0) | (47.0, 11.0) | (72.0, 16.0) | (80.0, 0.0) | (12.0, 36.0) | (50.0, 8.0) | (45.0, 50.0) | (68.0, 72.0) | (74.0, 26.0) | (38.0, 2.0) | (53.0, 5.0) | (96.0, 36.0) | (32.0, 11.0) | (87.0, 99.0) | (10.0, 56.0) | (57.0, 37.0) | (20.0, 7.0) | (84.0, 34.0) | (48.0, 54.0) | (78.0, 57.0) | (3.0, 4.0) | (14.0, 80.0) | (80.0, 81.0) | (78.0, 69.0) | (76.0, 40.0) | (72.0, 5.0) | (15.0, 99.0) | (54.0, 58.0) | (88.0, 32.0) | (73.0, 62.0) | (0.0, 90.0) | (69.0, 70.0) | (66.0, 56.0) | (93.0, 81.0) | (43.0, 87.0) | (57.0, 12.0) | (42.0, 81.0) | (68.0, 86.0) | (14.0, 59.0) | (92.0, 14.0) | (92.0, 31.0) | (77.0, 73.0) | (0.0, 40.0) | (85.0, 77.0) | (75.0, 12.0)
((54, 23), (18, 56), (88, 50)) | (90.0, 0.0) | (7.0, 95.0) | (87.0, 7.0) | (75.0, 77.0) | (66.0, 35.0) | (51.0, 9.0) | (10.0, 48.0) | (58.0, 98.0) | (20.0, 28.0) | (20.0, 0.0) | (18.0, 86.0) | (99.0, 12.0) | (63.0, 23.0) | (99.0, 46.0) | (41.0, 60.0) | (41.0, 22.0) | (59.0, 23.0) | (52.0, 67.0) | (35.0, 89.0) | (73.0, 99.0) | (38.0, 24.0) | (90.0, 0.0) | (99.0, 11.0) | (26.0, 14.0) | (70.0, 0.0) | (94.0, 53.0) | (10.0, 0.0) | (92.0, 45.0) | (22.0, 91.0) | (43.0, 15.0) | (36.0, 58.0) | (75.0, 8.0) | (75.0, 85.0) | (68.0, 59.0) | (65.0, 99.0) | (15.0, 36.0) | (0.0, 20.0) | (0.0, 10.0) | (15.0, 28.0) | (15.0, 38.0) | (71.0, 64.0) | (56.0, 36.0) | (13.0, 45.0) | (97.0, 16.0) | (77.0, 27.0) | (72.0, 70.0) | (96.0, 27.0) | (31.0, 55.0) | (99.0, 87.0) | (6.0, 28.0)
((99, 85), (12, 5), (95, 27)) | (78.0, 71.0) | (29.0, 80.0) | (84.0, 64.0) | (36.0, 94.0) | (75.0, 86.0) | (0.0, 90.0) | (97.0, 57.0) | (5.0, 86.0) | (36.0, 5.0) | (16.0, 21.0) | (52.0, 9.0) | (63.0, 86.0) | (35.0, 81.0) | (53.0, 15.0) | (71.0, 9.0) | (41.0, 45.0) | (53.0, 88.0) | (41.0, 71.0) | (48.0, 27.0) | (87.0, 60.0) | (69.0, 83.0) | (73.0, 50.0) | (22.0, 18.0) | (77.0, 90.0) | (56.0, 97.0) | (78.0, 66.0) | (3.0, 17.0) | (46.0, 78.0) | (34.0, 37.0) | (21.0, 89.0) | (20.0, 71.0) | (42.0, 8.0) | (71.0, 67.0) | (44.0, 22.0) | (49.0, 75.0) | (27.0, 22.0) | (0.0, 90.0) | (40.0, 71.0) | (27.0, 96.0) | (0.0, 40.0) | (51.0, 23.0) | (74.0, 82.0) | (76.0, 50.0) | (21.0, 86.0) | (14.0, 31.0) | (87.0, 65.0) | (43.0, 44.0) | (89.0, 95.0) | (45.0, 15.0) | (10.0, 17.0)
((6, 92), (47, 95), (44, 15)) | (5.0, 61.0) | (49.0, 53.0) | (0.0, 80.0) | (65.0, 28.0) | (86.0, 84.0) | (51.0, 62.0) | (32.0, 62.0) | (87.0, 19.0) | (24.0, 9.0) | (52.0, 88.0) | (27.0, 21.0) | (0.0, 60.0) | (11.0, 95.0) | (0.0, 90.0) | (16.0, 99.0) | (98.0, 55.0) | (37.0, 5.0) | (52.0, 49.0) | (69.0, 0.0) | (44.0, 67.0) | (55.0, 21.0) | (97.0, 50.0) | (90.0, 0.0) | (59.0, 82.0) | (89.0, 91.0) | (90.0, 61.0) | (27.0, 55.0) | (84.0, 32.0) | (60.0, 77.0) | (30.0, 1.0) | (17.0, 62.0) | (51.0, 83.0) | (87.0, 72.0) | (33.0, 60.0) | (26.0, 41.0) | (34.0, 21.0) | (99.0, 67.0) | (6.0, 28.0) | (49.0, 41.0) | (0.0, 70.0) | (92.0, 75.0) | (82.0, 40.0) | (47.0, 76.0) | (68.0, 87.0) | (26.0, 66.0) | (80.0, 0.0) | (68.0, 83.0) | (33.0, 20.0) | (62.0, 17.0) | (23.0, 8.0)
((20, 58), (34, 20), (21, 73)) | (11.0, 39.0) | (94.0, 63.0) | (53.0, 77.0) | (65.0, 56.0) | (77.0, 61.0) | (72.0, 14.0) | (80.0, 31.0) | (64.0, 30.0) | (41.0, 86.0) | (57.0, 75.0) | (80.0, 73.0) | (80.0, 0.0) | (32.0, 59.0) | (50.0, 0.0) | (40.0, 61.0) | (72.0, 35.0) | (66.0, 7.0) | (73.0, 56.0) | (69.0, 17.0) | (4.0, 65.0) | (30.0, 71.0) | (0.0, 0.0) | (39.0, 41.0) | (76.0, 57.0) | (34.0, 10.0) | (50.0, 0.0) | (60.0, 86.0) | (43.0, 91.0) | (18.0, 30.0) | (80.0, 1.0) | (36.0, 63.0) | (17.0, 84.0) | (94.0, 38.0) | (90.0, 12.0) | (14.0, 39.0) | (72.0, 11.0) | (56.0, 99.0) | (15.0, 70.0) | (97.0, 38.0) | (67.0, 51.0) | (92.0, 5.0) | (7.0, 19.0) | (10.0, 70.0) | (54.0, 55.0) | (91.0, 25.0) | (71.0, 66.0) | (19.0, 30.0) | (8.0, 62.0) | (94.0, 45.0) | (14.0, 50.0)
((71, 36), (6, 34), (99, 93)) | (74.0, 25.0) | (50.0, 26.0) | (14.0, 85.0) | (95.0, 80.0) | (94.0, 0.0) | (17.0, 72.0) | (85.0, 20.0) | (68.0, 52.0) | (51.0, 28.0) | (99.0, 96.0) | (13.0, 61.0) | (4.0, 20.0) | (44.0, 13.0) | (35.0, 38.0) | (0.0, 80.0) | (86.0, 86.0) | (49.0, 24.0) | (3.0, 79.0) | (69.0, 22.0) | (92.0, 37.0) | (68.0, 15.0) | (0.0, 10.0) | (27.0, 88.0) | (4.0, 80.0) | (99.0, 72.0) | (38.0, 92.0) | (24.0, 85.0) | (1.0, 0.0) | (19.0, 91.0) | (44.0, 71.0) | (75.0, 24.0) | (62.0, 29.0) | (69.0, 23.0) | (26.0, 48.0) | (38.0, 73.0) | (83.0, 46.0) | (0.0, 80.0) | (8.0, 29.0) | (78.0, 28.0) | (1.0, 0.0) | (91.0, 43.0) | (12.0, 64.0) | (89.0, 93.0) | (41.0, 35.0) | (98.0, 61.0) | (91.0, 44.0) | (69.0, 78.0) | (65.0, 99.0) | (70.0, 83.0) | (61.0, 22.0)
((95, 30), (60, 21), (42, 50)) | (11.0, 65.0) | (99.0, 14.0) | (26.0, 11.0) | (67.0, 85.0) | (45.0, 99.0) | (54.0, 74.0) | (23.0, 20.0) | (22.0, 55.0) | (78.0, 22.0) | (44.0, 40.0) | (60.0, 0.0) | (0.0, 0.0) | (39.0, 73.0) | (30.0, 21.0) | (84.0, 66.0) | (65.0, 8.0) | (7.0, 35.0) | (90.0, 0.0) | (25.0, 7.0) | (75.0, 32.0) | (55.0, 14.0) | (57.0, 8.0) | (34.0, 21.0) | (78.0, 32.0) | (31.0, 44.0) | (48.0, 84.0) | (84.0, 5.0) | (65.0, 77.0) | (79.0, 18.0) | (19.0, 44.0) | (27.0, 39.0) | (84.0, 6.0) | (24.0, 2.0) | (99.0, 22.0) | (66.0, 42.0) | (24.0, 8.0) | (0.0, 70.0) | (22.0, 45.0) | (12.0, 85.0) | (68.0, 6.0) | (17.0, 94.0) | (61.0, 97.0) | (22.0, 63.0) | (51.0, 92.0) | (92.0, 57.0) | (9.0, 38.0) | (17.0, 93.0) | (54.0, 99.0) | (89.0, 51.0) | (61.0, 4.0)
((15, 71), (89, 48), (11, 34)) | (33.0, 15.0) | (48.0, 38.0) | (98.0, 33.0) | (70.0, 0.0) | (57.0, 25.0) | (51.0, 36.0) | (72.0, 93.0) | (99.0, 27.0) | (13.0, 89.0) | (35.0, 16.0) | (33.0, 44.0) | (45.0, 38.0) | (19.0, 21.0) | (69.0, 74.0) | (25.0, 68.0) | (74.0, 39.0) | (0.0, 60.0) | (81.0, 39.0) | (95.0, 76.0) | (35.0, 11.0) | (40.0, 29.0) | (50.0, 8.0) | (0.0, 90.0) | (10.0, 0.0) | (37.0, 61.0) | (40.0, 0.0) | (53.0, 17.0) | (92.0, 82.0) | (45.0, 31.0) | (67.0, 33.0) | (24.0, 61.0) | (92.0, 36.0) | (99.0, 12.0) | (69.0, 62.0) | (28.0, 23.0) | (69.0, 66.0) | (49.0, 99.0) | (49.0, 77.0) | (10.0, 0.0) | (74.0, 55.0) | (66.0, 38.0) | (80.0, 0.0) | (34.0, 67.0) | (33.0, 76.0) | (31.0, 13.0) | (41.0, 50.0) | (64.0, 87.0) | (65.0, 94.0) | (62.0, 90.0) | (19.0, 28.0)
((77, 62), (98, 73), (37, 86)) | (58.0, 86.0) | (88.0, 15.0) | (30.0, 90.0) | (81.0, 36.0) | (70.0, 60.0) | (61.0, 85.0) | (48.0, 42.0) | (10.0, 70.0) | (72.0, 53.0) | (54.0, 96.0) | (64.0, 3.0) | (67.0, 82.0) | (94.0, 98.0) | (99.0, 89.0) | (36.0, 68.0) | (63.0, 42.0) | (25.0, 3.0) | (0.0, 40.0) | (59.0, 2.0) | (21.0, 36.0) | (50.0, 6.0) | (99.0, 47.0) | (91.0, 21.0) | (31.0, 67.0) | (99.0, 33.0) | (43.0, 46.0) | (90.0, 0.0) | (60.0, 68.0) | (68.0, 11.0) | (38.0, 22.0) | (33.0, 72.0) | (84.0, 49.0) | (84.0, 15.0) | (17.0, 31.0) | (19.0, 42.0) | (0.0, 70.0) | (40.0, 68.0) | (17.0, 61.0) | (27.0, 88.0) | (96.0, 99.0) | (6.0, 88.0) | (80.0, 88.0) | (8.0, 99.0) | (27.0, 93.0) | (97.0, 86.0) | (78.0, 86.0) | (98.0, 19.0) | (25.0, 99.0) | (72.0, 57.0) | (78.0, 89.0)
((84, 65), (16, 56), (38, 66)) | (60.0, 0.0) | (16.0, 2.0) | (58.0, 93.0) | (54.0, 75.0) | (99.0, 32.0) | (76.0, 57.0) | (70.0, 81.0) | (41.0, 14.0) | (33.0, 43.0) | (76.0, 28.0) | (98.0, 24.0) | (8.0, 72.0) | (37.0, 78.0) | (57.0, 18.0) | (0.0, 60.0) | (37.0, 60.0) | (0.0, 80.0) | (43.0, 36.0) | (81.0, 88.0) | (51.0, 36.0) | (88.0, 87.0) | (90.0, 0.0) | (81.0, 95.0) | (30.0, 25.0) | (96.0, 11.0) | (51.0, 50.0) | (80.0, 0.0) | (68.0, 27.0) | (45.0, 94.0) | (44.0, 85.0) | (32.0, 9.0) | (50.0, 38.0) | (19.0, 15.0) | (86.0, 56.0) | (61.0, 80.0) | (92.0, 3.0) | (65.0, 22.0) | (33.0, 31.0) | (56.0, 50.0) | (31.0, 32.0) | (0.0, 50.0) | (76.0, 25.0) | (14.0, 10.0) | (88.0, 42.0) | (87.0, 85.0) | (40.0, 0.0) | (40.0, 0.0) | (78.0, 57.0) | (19.0, 45.0) | (17.0, 19.0)
((55, 73), (99, 6), (0, 55)) | (28.0, 36.0) | (62.0, 71.0) | (97.0, 47.0) | (9.0, 13.0) | (1.0, 46.0) | (23.0, 84.0) | (10.0, 0.0) | (99.0, 70.0) | (28.0, 79.0) | (34.0, 38.0) | (53.0, 12.0) | (10.0, 29.0) | (8.0, 18.0) | (43.0, 59.0) | (57.0, 26.0) | (0.0, 40.0) | (0.0, 84.0) | (30.0, 24.0) | (50.0, 88.0) | (31.0, 95.0) | (38.0, 80.0) | (82.0, 71.0) | (7.0, 26.0) | (61.0, 74.0) | (87.0, 25.0) | (12.0, 80.0) | (60.0, 0.0) | (46.0, 0.0) | (0.0, 84.0) | (10.0, 83.0) | (17.0, 45.0) | (98.0, 51.0) | (64.0, 80.0) | (60.0, 0.0) | (65.0, 95.0) | (30.0, 75.0) | (68.0, 82.0) | (11.0, 93.0) | (95.0, 20.0) | (17.0, 7.0) | (41.0, 99.0) | (16.0, 71.0) | (44.0, 20.0) | (59.0, 33.0) | (77.0, 27.0) | (96.0, 32.0) | (42.0, 34.0) | (95.0, 99.0) | (74.0, 21.0) | (34.0, 18.0)
((75, 49), (96, 91), (29, 21)) | (51.0, 10.0) | (61.0, 75.0) | (36.0, 82.0) | (72.0, 50.0) | (48.0, 93.0) | (68.0, 72.0) | (20.0, 85.0) | (97.0, 35.0) | (98.0, 12.0) | (69.0, 54.0) | (7.0, 81.0) | (78.0, 98.0) | (97.0, 15.0) | (61.0, 1.0) | (0.0, 94.0) | (11.0, 95.0) | (48.0, 78.0) | (46.0, 61.0) | (48.0, 83.0) | (83.0, 22.0) | (66.0, 32.0) | (32.0, 55.0) | (89.0, 7.0) | (28.0, 77.0) | (52.0, 25.0) | (16.0, 25.0) | (86.0, 99.0) | (20.0, 18.0) | (0.0, 90.0) | (12.0, 88.0) | (73.0, 26.0) | (57.0, 17.0) | (85.0, 4.0) | (72.0, 76.0) | (56.0, 47.0) | (18.0, 21.0) | (60.0, 0.0) | (98.0, 99.0) | (68.0, 62.0) | (99.0, 33.0) | (36.0, 67.0) | (69.0, 80.0) | (18.0, 79.0) | (68.0, 17.0) | (33.0, 7.0) | (7.0, 95.0) | (2.0, 47.0) | (73.0, 77.0) | (54.0, 23.0) | (26.0, 93.0)
((71, 29), (37, 23), (93, 59)) | (69.0, 85.0) | (98.0, 90.0) | (49.0, 67.0) | (50.0, 0.0) | (52.0, 19.0) | (51.0, 49.0) | (95.0, 30.0) | (12.0, 95.0) | (31.0, 87.0) | (86.0, 96.0) | (4.0, 39.0) | (39.0, 39.0) | (7.0, 7.0) | (66.0, 76.0) | (62.0, 60.0) | (32.0, 15.0) | (54.0, 82.0) | (51.0, 20.0) | (56.0, 13.0) | (0.0, 30.0) | (66.0, 7.0) | (57.0, 87.0) | (0.0, 90.0) | (91.0, 80.0) | (51.0, 72.0) | (81.0, 67.0) | (2.0, 78.0) | (46.0, 86.0) | (39.0, 59.0) | (99.0, 96.0) | (18.0, 59.0) | (89.0, 37.0) | (25.0, 56.0) | (66.0, 36.0) | (73.0, 19.0) | (1.0, 36.0) | (47.0, 78.0) | (32.0, 64.0) | (32.0, 50.0) | (91.0, 84.0) | (34.0, 89.0) | (95.0, 45.0) | (11.0, 84.0) | (33.0, 38.0) | (99.0, 97.0) | (87.0, 63.0) | (62.0, 20.0) | (10.0, 0.0) | (29.0, 16.0) | (44.0, 7.0)
((11, 37), (19, 53), (92, 21)) | (30.0, 0.0) | (84.0, 56.0) | (94.0, 76.0) | (80.0, 60.0) | (67.0, 56.0) | (23.0, 13.0) | (91.0, 28.0) | (99.0, 90.0) | (76.0, 10.0) | (38.0, 91.0) | (13.0, 78.0) | (80.0, 40.0) | (0.0, 90.0) | (39.0, 14.0) | (19.0, 55.0) | (74.0, 71.0) | (80.0, 0.0) | (80.0, 56.0) | (52.0, 15.0) | (82.0, 98.0) | (20.0, 50.0) | (65.0, 67.0) | (95.0, 0.0) | (3.0, 22.0) | (36.0, 34.0) | (13.0, 31.0) | (40.0, 0.0) | (43.0, 22.0) | (69.0, 4.0) | (83.0, 37.0) | (62.0, 66.0) | (37.0, 7.0) | (47.0, 90.0) | (95.0, 66.0) | (60.0, 43.0) | (30.0, 71.0) | (10.0, 0.0) | (41.0, 89.0) | (40.0, 51.0) | (60.0, 76.0) | (29.0, 53.0) | (40.0, 0.0) | (45.0, 51.0) | (80.0, 0.0) | (31.0, 28.0) | (65.0, 16.0) | (82.0, 61.0) | (6.0, 36.0) | (37.0, 57.0) | (50.0, 7.0)
((35, 36), (11, 13), (15, 96)) | (49.0, 47.0) | (82.0, 82.0) | (28.0, 69.0) | (49.0, 72.0) | (45.0, 61.0) | (29.0, 9.0) | (99.0, 73.0) | (57.0, 5.0) | (30.0, 0.0) | (0.0, 50.0) | (13.0, 31.0) | (0.0, 90.0) | (10.0, 0.0) | (36.0, 92.0) | (92.0, 69.0) | (45.0, 39.0) | (88.0, 70.0) | (71.0, 25.0) | (73.0, 21.0) | (18.0, 2.0) | (76.0, 47.0) | (0.0, 79.0) | (92.0, 11.0) | (99.0, 20.0) | (10.0, 99.0) | (47.0, 14.0) | (79.0, 60.0) | (0.0, 40.0) | (84.0, 42.0) | (65.0, 50.0) | (77.0, 13.0) | (81.0, 10.0) | (58.0, 37.0) | (69.0, 68.0) | (62.0, 27.0) | (0.0, 90.0) | (73.0, 81.0) | (7.0, 25.0) | (25.0, 88.0) | (39.0, 13.0) | (90.0, 29.0) | (47.0, 29.0) | (59.0, 77.0) | (69.0, 90.0) | (86.0, 86.0) | (99.0, 78.0) | (91.0, 98.0) | (67.0, 48.0) | (57.0, 96.0) | (3.0, 86.0)
((93, 95), (4, 89), (41, 38)) | (84.0, 16.0) | (45.0, 60.0) | (18.0, 99.0) | (40.0, 0.0) | (11.0, 68.0) | (99.0, 45.0) | (75.0, 13.0) | (21.0, 28.0) | (58.0, 6.0) | (54.0, 6.0) | (28.0, 19.0) | (10.0, 8.0) | (69.0, 27.0) | (1.0, 47.0) | (82.0, 76.0) | (98.0, 13.0) | (89.0, 72.0) | (27.0, 98.0) | (0.0, 60.0) | (20.0, 74.0) | (41.0, 69.0) | (94.0, 99.0) | (92.0, 23.0) | (89.0, 14.0) | (43.0, 21.0) | (74.0, 67.0) | (32.0, 23.0) | (24.0, 7.0) | (5.0, 39.0) | (61.0, 94.0) | (17.0, 97.0) | (55.0, 18.0) | (16.0, 78.0) | (75.0, 54.0) | (20.0, 89.0) | (48.0, 60.0) | (71.0, 96.0) | (76.0, 34.0) | (65.0, 94.0) | (31.0, 81.0) | (21.0, 37.0) | (93.0, 91.0) | (0.0, 90.0) | (54.0, 24.0) | (66.0, 46.0) | (59.0, 99.0) | (9.0, 97.0) | (96.0, 25.0) | (94.0, 3.0) | (11.0, 70.0)
((21, 82), (22, 38), (82, 82)) | (47.0, 31.0) | (97.0, 24.0) | (30.0, 0.0) | (48.0, 53.0) | (23.0, 90.0) | (67.0, 92.0) | (80.0, 0.0) | (80.0, 71.0) | (76.0, 56.0) | (33.0, 18.0) | (62.0, 9.0) | (85.0, 24.0) | (65.0, 88.0) | (45.0, 48.0) | (15.0, 41.0) | (21.0, 21.0) | (40.0, 80.0) | (45.0, 78.0) | (84.0, 49.0) | (77.0, 99.0) | (74.0, 33.0) | (30.0, 82.0) | (60.0, 45.0) | (30.0, 43.0) | (84.0, 10.0) | (54.0, 77.0) | (6.0, 71.0) | (40.0, 61.0) | (1.0, 54.0) | (12.0, 33.0) | (55.0, 38.0) | (0.0, 20.0) | (63.0, 75.0) | (80.0, 54.0) | (32.0, 28.0) | (40.0, 18.0) | (1.0, 13.0) | (99.0, 94.0) | (37.0, 18.0) | (52.0, 52.0) | (93.0, 12.0) | (84.0, 51.0) | (70.0, 0.0) | (43.0, 63.0) | (71.0, 43.0) | (82.0, 15.0) | (50.0, 37.0) | (5.0, 86.0) | (87.0, 55.0) | (56.0, 92.0)
((31, 6), (63, 41), (42, 54)) | (87.0, 20.0) | (67.0, 92.0) | (29.0, 48.0) | (60.0, 7.0) | (83.0, 16.0) | (21.0, 16.0) | (90.0, 0.0) | (16.0, 55.0) | (97.0, 68.0) | (23.0, 38.0) | (39.0, 8.0) | (50.0, 8.0) | (59.0, 69.0) | (73.0, 99.0) | (0.0, 40.0) | (98.0, 85.0) | (50.0, 99.0) | (58.0, 45.0) | (0.0, 20.0) | (51.0, 60.0) | (65.0, 98.0) | (63.0, 68.0) | (69.0, 66.0) | (67.0, 71.0) | (0.0, 50.0) | (91.0, 71.0) | (15.0, 51.0) | (40.0, 0.0) | (0.0, 47.0) | (0.0, 70.0) | (0.0, 80.0) | (83.0, 49.0) | (96.0, 0.0) | (96.0, 70.0) | (57.0, 83.0) | (10.0, 23.0) | (10.0, 0.0) | (57.0, 99.0) | (17.0, 54.0) | (38.0, 49.0) | (70.0, 0.0) | (25.0, 34.0) | (57.0, 6.0) | (81.0, 48.0) | (49.0, 9.0) | (91.0, 8.0) | (23.0, 67.0) | (72.0, 74.0) | (41.0, 66.0) | (35.0, 53.0)
((32, 55), (91, 78), (16, 21)) | (28.0, 4.0) | (58.0, 14.0) | (23.0, 84.0) | (22.0, 6.0) | (59.0, 47.0) | (92.0, 7.0) | (76.0, 10.0) | (17.0, 73.0) | (52.0, 56.0) | (60.0, 96.0) | (89.0, 93.0) | (58.0, 20.0) | (10.0, 43.0) | (21.0, 13.0) | (82.0, 41.0) | (4.0, 27.0) | (0.0, 40.0) | (6.0, 33.0) | (83.0, 10.0) | (43.0, 93.0) | (84.0, 52.0) | (43.0, 43.0) | (0.0, 50.0) | (74.0, 45.0) | (88.0, 85.0) | (35.0, 27.0) | (63.0, 80.0) | (28.0, 16.0) | (66.0, 2.0) | (38.0, 30.0) | (36.0, 98.0) | (80.0, 97.0) | (31.0, 43.0) | (0.0, 14.0) | (94.0, 23.0) | (83.0, 53.0) | (38.0, 83.0) | (29.0, 27.0) | (7.0, 65.0) | (25.0, 55.0) | (35.0, 77.0) | (11.0, 73.0) | (66.0, 97.0) | (59.0, 82.0) | (99.0, 32.0) | (66.0, 10.0) | (99.0, 37.0) | (20.0, 64.0) | (13.0, 71.0) | (14.0, 65.0)
((67, 91), (58, 64), (82, 50)) | (80.0, 69.0) | (91.0, 57.0) | (53.0, 39.0) | (8.0, 30.0) | (28.0, 26.0) | (0.0, 20.0) | (9.0, 3.0) | (11.0, 26.0) | (89.0, 96.0) | (75.0, 29.0) | (7.0, 13.0) | (17.0, 16.0) | (87.0, 93.0) | (94.0, 88.0) | (4.0, 36.0) | (82.0, 85.0) | (4.0, 71.0) | (9.0, 82.0) | (86.0, 44.0) | (19.0, 42.0) | (24.0, 64.0) | (67.0, 37.0) | (86.0, 23.0) | (77.0, 99.0) | (60.0, 0.0) | (39.0, 90.0) | (95.0, 24.0) | (63.0, 94.0) | (69.0, 71.0) | (14.0, 90.0) | (6.0, 64.0) | (61.0, 26.0) | (3.0, 90.0) | (47.0, 25.0) | (26.0, 68.0) | (35.0, 30.0) | (3.0, 81.0) | (21.0, 40.0) | (30.0, 79.0) | (92.0, 93.0) | (31.0, 21.0) | (84.0, 82.0) | (94.0, 72.0) | (56.0, 99.0) | (98.0, 63.0) | (15.0, 65.0) | (29.0, 50.0) | (34.0, 82.0) | (10.0, 20.0) | (80.0, 13.0)
((21, 72), (95, 34), (7, 7)) | (55.0, 19.0) | (46.0, 34.0) | (83.0, 18.0) | (30.0, 0.0) | (18.0, 54.0) | (25.0, 49.0) | (33.0, 39.0) | (67.0, 94.0) | (50.0, 1.0) | (67.0, 20.0) | (84.0, 30.0) | (65.0, 24.0) | (83.0, 48.0) | (0.0, 80.0) | (38.0, 96.0) | (56.0, 48.0) | (82.0, 93.0) | (94.0, 50.0) | (39.0, 28.0) | (27.0, 99.0) | (68.0, 25.0) | (99.0, 77.0) | (15.0, 22.0) | (64.0, 82.0) | (20.0, 80.0) | (97.0, 26.0) | (48.0, 32.0) | (56.0, 88.0) | (12.0, 72.0) | (25.0, 32.0) | (58.0, 22.0) | (78.0, 89.0) | (67.0, 36.0) | (63.0, 8.0) | (39.0, 22.0) | (58.0, 71.0) | (59.0, 66.0) | (80.0, 85.0) | (0.0, 20.0) | (28.0, 88.0) | (85.0, 53.0) | (62.0, 64.0) | (20.0, 0.0) | (61.0, 71.0) | (36.0, 35.0) | (21.0, 80.0) | (30.0, 39.0) | (46.0, 48.0) | (63.0, 9.0) | (90.0, 0.0)
((18, 90), (32, 10), (24, 21)) | (28.0, 86.0) | (75.0, 70.0) | (79.0, 87.0) | (0.0, 30.0) | (30.0, 0.0) | (37.0, 48.0) | (99.0, 56.0) | (85.0, 60.0) | (96.0, 66.0) | (79.0, 51.0) | (87.0, 0.0) | (96.0, 98.0) | (82.0, 75.0) | (63.0, 14.0) | (62.0, 98.0) | (24.0, 11.0) | (9.0, 73.0) | (80.0, 67.0) | (0.0, 10.0) | (5.0, 38.0) | (11.0, 12.0) | (39.0, 42.0) | (82.0, 0.0) | (97.0, 99.0) | (67.0, 99.0) | (50.0, 2.0) | (69.0, 50.0) | (63.0, 25.0) | (21.0, 1.0) | (44.0, 83.0) | (69.0, 54.0) | (32.0, 68.0) | (55.0, 26.0) | (37.0, 71.0) | (73.0, 39.0) | (45.0, 94.0) | (40.0, 68.0) | (99.0, 21.0) | (32.0, 67.0) | (2.0, 31.0) | (75.0, 86.0) | (6.0, 27.0) | (8.0, 63.0) | (62.0, 8.0) | (94.0, 83.0) | (58.0, 83.0) | (49.0, 82.0) | (86.0, 95.0) | (3.0, 4.0) | (77.0, 77.0)
((48, 14), (57, 44), (65, 25)) | (90.0, 0.0) | (81.0, 70.0) | (28.0, 77.0) | (19.0, 88.0) | (60.0, 59.0) | (13.0, 27.0) | (39.0, 80.0) | (50.0, 0.0) | (50.0, 38.0) | (12.0, 35.0) | (57.0, 12.0) | (40.0, 45.0) | (81.0, 92.0) | (81.0, 16.0) | (24.0, 56.0) | (55.0, 49.0) | (98.0, 94.0) | (17.0, 89.0) | (84.0, 99.0) | (13.0, 99.0) | (32.0, 62.0) | (68.0, 89.0) | (86.0, 79.0) | (28.0, 79.0) | (85.0, 52.0) | (95.0, 83.0) | (0.0, 90.0) | (48.0, 74.0) | (79.0, 82.0) | (33.0, 89.0) | (20.0, 50.0) | (52.0, 84.0) | (52.0, 82.0) | (64.0, 36.0) | (51.0, 47.0) | (54.0, 73.0) | (64.0, 98.0) | (49.0, 34.0) | (91.0, 15.0) | (78.0, 17.0) | (10.0, 70.0) | (90.0, 0.0) | (6.0, 42.0) | (90.0, 52.0) | (93.0, 72.0) | (7.0, 39.0) | (15.0, 9.0) | (22.0, 18.0) | (57.0, 56.0) | (50.0, 0.0)
((91, 57), (89, 98), (47, 25)) | (0.0, 24.0) | (60.0, 27.0) | (88.0, 19.0) | (58.0, 19.0) | (34.0, 50.0) | (7.0, 41.0) | (52.0, 22.0) | (38.0, 58.0) | (10.0, 70.0) | (43.0, 63.0) | (17.0, 21.0) | (86.0, 80.0) | (71.0, 6.0) | (30.0, 32.0) | (51.0, 98.0) | (8.0, 8.0) | (80.0, 35.0) | (49.0, 82.0) | (19.0, 29.0) | (81.0, 71.0) | (74.0, 71.0) | (63.0, 56.0) | (9.0, 96.0) | (72.0, 28.0) | (12.0, 96.0) | (5.0, 71.0) | (8.0, 86.0) | (93.0, 50.0) | (27.0, 92.0) | (36.0, 95.0) | (0.0, 40.0) | (44.0, 35.0) | (23.0, 19.0) | (0.0, 10.0) | (41.0, 71.0) | (95.0, 81.0) | (50.0, 76.0) | (55.0, 16.0) | (2.0, 60.0) | (99.0, 70.0) | (49.0, 97.0) | (70.0, 99.0) | (29.0, 30.0) | (21.0, 10.0) | (95.0, 87.0) | (47.0, 67.0) | (20.0, 10.0) | (99.0, 72.0) | (56.0, 48.0) | (71.0, 63.0)
((19, 78), (93, 87), (76, 98)) | (49.0, 38.0) | (41.0, 56.0) | (52.0, 74.0) | (19.0, 38.0) | (9.0, 51.0) | (41.0, 98.0) | (61.0, 99.0) | (57.0, 60.0) | (70.0, 59.0) | (46.0, 45.0) | (26.0, 40.0) | (80.0, 90.0) | (71.0, 76.0) | (30.0, 0.0) | (56.0, 57.0) | (82.0, 49.0) | (48.0, 95.0) | (79.0, 38.0) | (40.0, 0.0) | (52.0, 37.0) | (92.0, 99.0) | (95.0, 68.0) | (55.0, 76.0) | (47.0, 48.0) | (87.0, 22.0) | (98.0, 10.0) | (66.0, 66.0) | (68.0, 57.0) | (54.0, 71.0) | (77.0, 66.0) | (94.0, 61.0) | (99.0, 11.0) | (73.0, 18.0) | (1.0, 1.0) | (9.0, 81.0) | (64.0, 80.0) | (60.0, 19.0) | (50.0, 34.0) | (47.0, 58.0) | (18.0, 68.0) | (52.0, 0.0) | (41.0, 64.0) | (3.0, 10.0) | (86.0, 64.0) | (95.0, 69.0) | (5.0, 81.0) | (40.0, 36.0) | (26.0, 31.0) | (74.0, 75.0) | (9.0, 75.0)
((40, 95), (89, 49), (41, 60)) | (84.0, 65.0) | (87.0, 58.0) | (67.0, 56.0) | (70.0, 0.0) | (0.0, 20.0) | (34.0, 0.0) | (76.0, 68.0) | (0.0, 90.0) | (6.0, 27.0) | (81.0, 87.0) | (73.0, 33.0) | (70.0, 99.0) | (65.0, 58.0) | (25.0, 6.0) | (80.0, 80.0) | (99.0, 76.0) | (40.0, 0.0) | (43.0, 42.0) | (45.0, 25.0) | (53.0, 58.0) | (98.0, 40.0) | (90.0, 74.0) | (18.0, 28.0) | (48.0, 51.0) | (76.0, 76.0) | (49.0, 38.0) | (30.0, 0.0) | (81.0, 38.0) | (8.0, 20.0) | (77.0, 47.0) | (48.0, 76.0) | (62.0, 10.0) | (0.0, 20.0) | (74.0, 74.0) | (29.0, 72.0) | (60.0, 99.0) | (80.0, 0.0) | (99.0, 88.0) | (72.0, 0.0) | (6.0, 35.0) | (47.0, 30.0) | (31.0, 73.0) | (0.0, 21.0) | (24.0, 49.0) | (71.0, 99.0) | (95.0, 45.0) | (24.0, 89.0) | (99.0, 56.0) | (14.0, 27.0) | (83.0, 43.0)
((24, 5), (75, 43), (85, 42)) | (90.0, 34.0) | (10.0, 23.0) | (71.0, 94.0) | (40.0, 96.0) | (62.0, 96.0) | (53.0, 87.0) | (14.0, 59.0) | (32.0, 47.0) | (68.0, 13.0) | (74.0, 97.0) | (57.0, 14.0) | (45.0, 65.0) | (63.0, 86.0) | (62.0, 46.0) | (50.0, 3.0) | (10.0, 4.0) | (85.0, 58.0) | (63.0, 55.0) | (95.0, 0.0) | (0.0, 20.0) | (88.0, 60.0) | (70.0, 0.0) | (77.0, 16.0) | (88.0, 20.0) | (68.0, 13.0) | (14.0, 2.0) | (63.0, 51.0) | (93.0, 73.0) | (24.0, 67.0) | (90.0, 0.0) | (10.0, 2.0) | (60.0, 58.0) | (0.0, 10.0) | (83.0, 56.0) | (5.0, 79.0) | (1.0, 46.0) | (39.0, 71.0) | (39.0, 99.0) | (71.0, 59.0) | (59.0, 75.0) | (63.0, 96.0) | (76.0, 96.0) | (0.0, 95.0) | (71.0, 66.0) | (40.0, 0.0) | (91.0, 22.0) | (47.0, 88.0) | (12.0, 80.0) | (72.0, 7.0) | (36.0, 45.0)
((67, 95), (15, 0), (18, 55)) | (53.0, 36.0) | (92.0, 38.0) | (29.0, 25.0) | (38.0, 89.0) | (9.0, 93.0) | (37.0, 4.0) | (74.0, 51.0) | (10.0, 0.0) | (40.0, 54.0) | (51.0, 10.0) | (90.0, 34.0) | (16.0, 94.0) | (46.0, 89.0) | (73.0, 75.0) | (64.0, 29.0) | (67.0, 49.0) | (75.0, 34.0) | (12.0, 90.0) | (5.0, 9.0) | (48.0, 64.0) | (47.0, 86.0) | (0.0, 60.0) | (10.0, 7.0) | (40.0, 0.0) | (94.0, 18.0) | (91.0, 82.0) | (94.0, 19.0) | (8.0, 24.0) | (5.0, 44.0) | (82.0, 72.0) | (73.0, 30.0) | (89.0, 39.0) | (66.0, 63.0) | (50.0, 2.0) | (0.0, 90.0) | (21.0, 34.0) | (25.0, 24.0) | (0.0, 95.0) | (0.0, 50.0) | (56.0, 54.0) | (10.0, 27.0) | (27.0, 76.0) | (37.0, 14.0) | (6.0, 22.0) | (82.0, 37.0) | (34.0, 21.0) | (63.0, 15.0) | (99.0, 72.0) | (66.0, 82.0) | (54.0, 67.0)
((60, 93), (8, 37), (98, 69)) | (93.0, 54.0) | (72.0, 80.0) | (50.0, 8.0) | (79.0, 48.0) | (89.0, 3.0) | (44.0, 8.0) | (81.0, 98.0) | (21.0, 19.0) | (21.0, 35.0) | (0.0, 80.0) | (86.0, 29.0) | (23.0, 13.0) | (96.0, 38.0) | (22.0, 66.0) | (29.0, 3.0) | (3.0, 92.0) | (52.0, 88.0) | (40.0, 34.0) | (16.0, 87.0) | (59.0, 85.0) | (51.0, 87.0) | (0.0, 90.0) | (22.0, 67.0) | (78.0, 54.0) | (91.0, 4.0) | (60.0, 72.0) | (5.0, 69.0) | (59.0, 75.0) | (60.0, 0.0) | (0.0, 40.0) | (53.0, 46.0) | (85.0, 99.0) | (12.0, 30.0) | (76.0, 50.0) | (67.0, 28.0) | (50.0, 4.0) | (51.0, 11.0) | (75.0, 31.0) | (7.0, 55.0) | (44.0, 88.0) | (64.0, 95.0) | (63.0, 88.0) | (51.0, 11.0) | (27.0, 10.0) | (99.0, 60.0) | (60.0, 0.0) | (34.0, 45.0) | (90.0, 2.0) | (61.0, 14.0) | (38.0, 59.0)
((39, 90), (98, 90), (66, 48)) | (29.0, 45.0) | (67.0, 28.0) | (15.0, 62.0) | (95.0, 93.0) | (60.0, 2.0) | (15.0, 73.0) | (38.0, 85.0) | (72.0, 14.0) | (77.0, 85.0) | (40.0, 55.0) | (99.0, 72.0) | (12.0, 18.0) | (80.0, 89.0) | (87.0, 83.0) | (57.0, 63.0) | (25.0, 10.0) | (62.0, 7.0) | (70.0, 43.0) | (37.0, 68.0) | (35.0, 42.0) | (80.0, 0.0) | (96.0, 17.0) | (61.0, 31.0) | (71.0, 63.0) | (54.0, 96.0) | (10.0, 85.0) | (22.0, 5.0) | (90.0, 13.0) | (64.0, 44.0) | (18.0, 87.0) | (92.0, 98.0) | (0.0, 30.0) | (22.0, 82.0) | (0.0, 20.0) | (27.0, 52.0) | (92.0, 80.0) | (15.0, 41.0) | (90.0, 0.0) | (79.0, 74.0) | (77.0, 99.0) | (26.0, 35.0) | (26.0, 12.0) | (32.0, 96.0) | (10.0, 0.0) | (90.0, 0.0) | (17.0, 93.0) | (86.0, 96.0) | (55.0, 0.0) | (0.0, 30.0) | (94.0, 51.0)
((78, 62), (63, 2), (66, 87)) | (96.0, 42.0) | (1.0, 50.0) | (56.0, 18.0) | (11.0, 75.0) | (56.0, 20.0) | (28.0, 7.0) | (87.0, 0.0) | (87.0, 78.0) | (0.0, 10.0) | (16.0, 15.0) | (5.0, 75.0) | (20.0, 0.0) | (0.0, 80.0) | (37.0, 2.0) | (99.0, 85.0) | (47.0, 36.0) | (96.0, 88.0) | (17.0, 54.0) | (0.0, 60.0) | (52.0, 28.0) | (30.0, 17.0) | (25.0, 85.0) | (99.0, 44.0) | (50.0, 87.0) | (37.0, 69.0) | (10.0, 48.0) | (26.0, 60.0) | (54.0, 73.0) | (84.0, 26.0) | (13.0, 20.0) | (35.0, 18.0) | (41.0, 92.0) | (28.0, 32.0) | (56.0, 44.0) | (94.0, 85.0) | (23.0, 99.0) | (96.0, 19.0) | (91.0, 42.0) | (0.0, 0.0) | (60.0, 65.0) | (92.0, 17.0) | (79.0, 96.0) | (82.0, 53.0) | (73.0, 9.0) | (25.0, 13.0) | (81.0, 81.0) | (10.0, 4.0) | (78.0, 82.0) | (46.0, 23.0) | (10.0, 19.0)
((49, 8), (7, 37), (96, 84)) | (54.0, 54.0) | (52.0, 77.0) | (12.0, 85.0) | (70.0, 80.0) | (44.0, 73.0) | (79.0, 23.0) | (56.0, 68.0) | (69.0, 42.0) | (46.0, 26.0) | (2.0, 88.0) | (68.0, 0.0) | (51.0, 23.0) | (76.0, 62.0) | (95.0, 25.0) | (96.0, 17.0) | (87.0, 96.0) | (66.0, 11.0) | (87.0, 17.0) | (85.0, 17.0) | (89.0, 16.0) | (33.0, 9.0) | (27.0, 51.0) | (16.0, 45.0) | (91.0, 86.0) | (57.0, 54.0) | (0.0, 20.0) | (63.0, 75.0) | (93.0, 18.0) | (38.0, 97.0) | (10.0, 64.0) | (99.0, 36.0) | (67.0, 91.0) | (39.0, 11.0) | (58.0, 91.0) | (40.0, 34.0) | (62.0, 21.0) | (99.0, 47.0) | (0.0, 1.0) | (21.0, 44.0) | (57.0, 88.0) | (2.0, 38.0) | (96.0, 49.0) | (99.0, 43.0) | (22.0, 68.0) | (49.0, 44.0) | (24.0, 82.0) | (99.0, 42.0) | (72.0, 74.0) | (0.0, 40.0) | (5.0, 75.0)
((29, 95), (39, 28), (53, 34)) | (21.0, 61.0) | (73.0, 75.0) | (30.0, 0.0) | (76.0, 21.0) | (80.0, 31.0) | (30.0, 0.0) | (72.0, 43.0) | (85.0, 22.0) | (96.0, 49.0) | (62.0, 66.0) | (48.0, 86.0) | (14.0, 34.0) | (20.0, 88.0) | (11.0, 76.0) | (67.0, 51.0) | (83.0, 33.0) | (47.0, 53.0) | (0.0, 80.0) | (84.0, 23.0) | (87.0, 6.0) | (53.0, 64.0) | (23.0, 91.0) | (9.0, 14.0) | (15.0, 30.0) | (78.0, 21.0) | (85.0, 15.0) | (99.0, 57.0) | (63.0, 73.0) | (27.0, 38.0) | (73.0, 94.0) | (13.0, 87.0) | (82.0, 33.0) | (97.0, 11.0) | (25.0, 45.0) | (39.0, 14.0) | (27.0, 70.0) | (26.0, 71.0) | (33.0, 41.0) | (53.0, 63.0) | (0.0, 1.0) | (88.0, 77.0) | (40.0, 0.0) | (20.0, 82.0) | (99.0, 64.0) | (49.0, 65.0) | (53.0, 87.0) | (76.0, 5.0) | (18.0, 54.0) | (78.0, 23.0) | (35.0, 32.0)
((46, 40), (4, 19), (38, 91)) | (61.0, 30.0) | (0.0, 40.0) | (88.0, 79.0) | (13.0, 9.0) | (75.0, 74.0) | (34.0, 13.0) | (22.0, 25.0) | (47.0, 7.0) | (0.0, 90.0) | (89.0, 8.0) | (11.0, 83.0) | (22.0, 46.0) | (6.0, 29.0) | (5.0, 87.0) | (19.0, 60.0) | (81.0, 12.0) | (31.0, 89.0) | (12.0, 10.0) | (2.0, 39.0) | (50.0, 0.0) | (66.0, 4.0) | (6.0, 51.0) | (50.0, 48.0) | (63.0, 47.0) | (24.0, 66.0) | (77.0, 81.0) | (75.0, 23.0) | (81.0, 1.0) | (3.0, 65.0) | (52.0, 30.0) | (0.0, 30.0) | (82.0, 64.0) | (6.0, 36.0) | (34.0, 71.0) | (57.0, 15.0) | (52.0, 42.0) | (14.0, 82.0) | (44.0, 81.0) | (83.0, 43.0) | (44.0, 78.0) | (72.0, 75.0) | (19.0, 10.0) | (5.0, 71.0) | (84.0, 53.0) | (71.0, 84.0) | (48.0, 72.0) | (32.0, 2.0) | (32.0, 60.0) | (91.0, 4.0) | (15.0, 17.0)
((68, 55), (23, 44), (91, 39)) | (80.0, 23.0) | (90.0, 0.0) | (30.0, 0.0) | (21.0, 9.0) | (26.0, 94.0) | (92.0, 14.0) | (36.0, 25.0) | (8.0, 29.0) | (39.0, 3.0) | (18.0, 88.0) | (46.0, 69.0) | (16.0, 36.0) | (51.0, 15.0) | (62.0, 7.0) | (53.0, 67.0) | (81.0, 62.0) | (89.0, 18.0) | (98.0, 43.0) | (90.0, 0.0) | (46.0, 99.0) | (88.0, 46.0) | (89.0, 54.0) | (33.0, 55.0) | (53.0, 21.0) | (70.0, 71.0) | (60.0, 69.0) | (31.0, 55.0) | (82.0, 98.0) | (24.0, 13.0) | (70.0, 6.0) | (9.0, 28.0) | (97.0, 19.0) | (28.0, 38.0) | (30.0, 96.0) | (22.0, 13.0) | (12.0, 66.0) | (52.0, 60.0) | (86.0, 85.0) | (89.0, 4.0) | (64.0, 15.0) | (60.0, 0.0) | (56.0, 28.0) | (43.0, 21.0) | (58.0, 91.0) | (9.0, 77.0) | (84.0, 21.0) | (68.0, 69.0) | (3.0, 53.0) | (59.0, 58.0) | (35.0, 4.0)
((13, 50), (44, 90), (11, 67)) | (34.0, 18.0) | (65.0, 18.0) | (7.0, 22.0) | (60.0, 0.0) | (74.0, 88.0) | (66.0, 1.0) | (0.0, 60.0) | (75.0, 78.0) | (52.0, 4.0) | (31.0, 90.0) | (32.0, 51.0) | (96.0, 37.0) | (81.0, 74.0) | (24.0, 29.0) | (99.0, 40.0) | (48.0, 20.0) | (98.0, 15.0) | (63.0, 42.0) | (74.0, 51.0) | (52.0, 30.0) | (41.0, 93.0) | (42.0, 28.0) | (77.0, 13.0) | (37.0, 0.0) | (38.0, 39.0) | (70.0, 16.0) | (50.0, 90.0) | (90.0, 0.0) | (36.0, 13.0) | (20.0, 79.0) | (38.0, 37.0) | (58.0, 32.0) | (95.0, 31.0) | (0.0, 30.0) | (5.0, 59.0) | (23.0, 27.0) | (28.0, 87.0) | (51.0, 80.0) | (15.0, 44.0) | (80.0, 45.0) | (32.0, 37.0) | (98.0, 42.0) | (7.0, 79.0) | (29.0, 96.0) | (52.0, 12.0) | (10.0, 99.0) | (35.0, 33.0) | (0.0, 98.0) | (41.0, 45.0) | (50.0, 76.0)
((14, 32), (56, 7), (83, 17)) | (76.0, 37.0) | (8.0, 86.0) | (72.0, 70.0) | (67.0, 36.0) | (18.0, 12.0) | (98.0, 60.0) | (51.0, 84.0) | (98.0, 23.0) | (41.0, 51.0) | (71.0, 80.0) | (5.0, 51.0) | (65.0, 36.0) | (32.0, 2.0) | (74.0, 26.0) | (66.0, 54.0) | (85.0, 36.0) | (18.0, 3.0) | (79.0, 65.0) | (99.0, 49.0) | (62.0, 34.0) | (18.0, 90.0) | (65.0, 59.0) | (0.0, 20.0) | (55.0, 99.0) | (39.0, 99.0) | (27.0, 17.0) | (30.0, 32.0) | (0.0, 10.0) | (15.0, 58.0) | (10.0, 0.0) | (82.0, 99.0) | (20.0, 59.0) | (0.0, 27.0) | (27.0, 17.0) | (65.0, 75.0) | (50.0, 65.0) | (28.0, 93.0) | (11.0, 39.0) | (70.0, 0.0) | (83.0, 92.0) | (53.0, 21.0) | (39.0, 32.0) | (75.0, 84.0) | (90.0, 0.0) | (40.0, 0.0) | (70.0, 0.0) | (99.0, 83.0) | (37.0, 88.0) | (24.0, 87.0) | (36.0, 56.0)
((13, 70), (38, 95), (79, 90)) | (30.0, 46.0) | (0.0, 50.0) | (43.0, 85.0) | (47.0, 31.0) | (89.0, 53.0) | (67.0, 20.0) | (88.0, 86.0) | (60.0, 79.0) | (24.0, 28.0) | (53.0, 82.0) | (8.0, 46.0) | (0.0, 30.0) | (89.0, 27.0) | (21.0, 69.0) | (53.0, 57.0) | (21.0, 81.0) | (24.0, 99.0) | (26.0, 21.0) | (87.0, 54.0) | (20.0, 88.0) | (68.0, 17.0) | (75.0, 20.0) | (86.0, 84.0) | (0.0, 50.0) | (36.0, 85.0) | (55.0, 40.0) | (46.0, 67.0) | (20.0, 0.0) | (11.0, 55.0) | (20.0, 0.0) | (59.0, 66.0) | (0.0, 50.0) | (77.0, 24.0) | (93.0, 84.0) | (74.0, 37.0) | (6.0, 98.0) | (12.0, 11.0) | (45.0, 78.0) | (34.0, 46.0) | (92.0, 65.0) | (92.0, 95.0) | (0.0, 21.0) | (30.0, 0.0) | (47.0, 25.0) | (94.0, 73.0) | (99.0, 48.0) | (41.0, 43.0) | (38.0, 65.0) | (96.0, 67.0) | (75.0, 76.0)
((19, 9), (64, 63), (23, 41)) | (17.0, 77.0) | (49.0, 92.0) | (25.0, 83.0) | (5.0, 49.0) | (71.0, 98.0) | (40.0, 62.0) | (90.0, 0.0) | (88.0, 31.0) | (52.0, 73.0) | (0.0, 10.0) | (63.0, 5.0) | (4.0, 49.0) | (60.0, 6.0) | (84.0, 32.0) | (51.0, 67.0) | (44.0, 71.0) | (9.0, 65.0) | (10.0, 70.0) | (24.0, 88.0) | (8.0, 11.0) | (94.0, 70.0) | (29.0, 56.0) | (82.0, 9.0) | (0.0, 60.0) | (47.0, 11.0) | (14.0, 10.0) | (56.0, 26.0) | (10.0, 94.0) | (94.0, 15.0) | (31.0, 15.0) | (99.0, 76.0) | (0.0, 80.0) | (53.0, 25.0) | (18.0, 81.0) | (89.0, 29.0) | (14.0, 54.0) | (57.0, 40.0) | (46.0, 7.0) | (63.0, 70.0) | (29.0, 77.0) | (51.0, 76.0) | (8.0, 56.0) | (12.0, 56.0) | (99.0, 90.0) | (60.0, 0.0) | (28.0, 50.0) | (34.0, 30.0) | (20.0, 0.0) | (86.0, 32.0) | (60.0, 75.0)
((43, 87), (11, 54), (40, 61)) | (7.0, 73.0) | (50.0, 73.0) | (1.0, 50.0) | (99.0, 34.0) | (0.0, 80.0) | (22.0, 99.0) | (2.0, 34.0) | (56.0, 61.0) | (70.0, 18.0) | (93.0, 98.0) | (33.0, 47.0) | (35.0, 54.0) | (26.0, 44.0) | (66.0, 13.0) | (0.0, 90.0) | (73.0, 46.0) | (74.0, 46.0) | (5.0, 84.0) | (92.0, 71.0) | (30.0, 21.0) | (58.0, 3.0) | (20.0, 0.0) | (94.0, 73.0) | (81.0, 94.0) | (48.0, 84.0) | (82.0, 46.0) | (68.0, 24.0) | (6.0, 79.0) | (80.0, 95.0) | (69.0, 95.0) | (38.0, 77.0) | (10.0, 0.0) | (51.0, 67.0) | (37.0, 7.0) | (52.0, 94.0) | (49.0, 29.0) | (90.0, 0.0) | (83.0, 12.0) | (61.0, 78.0) | (79.0, 89.0) | (13.0, 76.0) | (99.0, 38.0) | (26.0, 78.0) | (93.0, 49.0) | (77.0, 39.0) | (21.0, 26.0) | (2.0, 58.0) | (22.0, 12.0) | (25.0, 37.0) | (87.0, 63.0)
((76, 32), (35, 20), (17, 9)) | (21.0, 84.0) | (81.0, 65.0) | (0.0, 80.0) | (0.0, 50.0) | (80.0, 42.0) | (46.0, 70.0) | (13.0, 57.0) | (49.0, 13.0) | (31.0, 43.0) | (0.0, 80.0) | (53.0, 60.0) | (30.0, 8.0) | (80.0, 84.0) | (14.0, 92.0) | (0.0, 89.0) | (52.0, 35.0) | (24.0, 54.0) | (82.0, 52.0) | (44.0, 39.0) | (4.0, 70.0) | (51.0, 81.0) | (20.0, 0.0) | (65.0, 92.0) | (8.0, 94.0) | (32.0, 98.0) | (89.0, 79.0) | (83.0, 75.0) | (37.0, 48.0) | (32.0, 36.0) | (61.0, 37.0) | (62.0, 74.0) | (21.0, 5.0) | (40.0, 34.0) | (47.0, 35.0) | (92.0, 94.0) | (77.0, 73.0) | (5.0, 67.0) | (68.0, 85.0) | (53.0, 65.0) | (89.0, 25.0) | (75.0, 2.0) | (49.0, 42.0) | (58.0, 37.0) | (9.0, 72.0) | (0.0, 40.0) | (72.0, 72.0) | (36.0, 39.0) | (81.0, 2.0) | (70.0, 40.0) | (88.0, 50.0)
((72, 4), (38, 53), (8, 6)) | (87.0, 97.0) | (72.0, 82.0) | (49.0, 11.0) | (47.0, 98.0) | (11.0, 22.0) | (58.0, 24.0) | (58.0, 94.0) | (38.0, 66.0) | (18.0, 33.0) | (39.0, 57.0) | (21.0, 25.0) | (94.0, 30.0) | (62.0, 99.0) | (80.0, 11.0) | (60.0, 59.0) | (7.0, 47.0) | (6.0, 46.0) | (31.0, 13.0) | (75.0, 94.0) | (77.0, 5.0) | (5.0, 29.0) | (60.0, 0.0) | (86.0, 73.0) | (37.0, 21.0) | (33.0, 6.0) | (31.0, 41.0) | (78.0, 33.0) | (60.0, 33.0) | (35.0, 55.0) | (22.0, 51.0) | (0.0, 87.0) | (10.0, 21.0) | (33.0, 0.0) | (27.0, 84.0) | (47.0, 99.0) | (86.0, 7.0) | (40.0, 54.0) | (13.0, 52.0) | (9.0, 28.0) | (50.0, 74.0) | (20.0, 0.0) | (29.0, 43.0) | (9.0, 89.0) | (29.0, 76.0) | (68.0, 44.0) | (55.0, 94.0) | (10.0, 0.0) | (35.0, 98.0) | (29.0, 28.0) | (85.0, 10.0)
((49, 94), (33, 72), (94, 12)) | (43.0, 24.0) | (24.0, 3.0) | (80.0, 14.0) | (89.0, 5.0) | (66.0, 2.0) | (62.0, 75.0) | (72.0, 78.0) | (60.0, 0.0) | (63.0, 87.0) | (99.0, 83.0) | (18.0, 24.0) | (49.0, 16.0) | (56.0, 22.0) | (81.0, 49.0) | (79.0, 95.0) | (79.0, 89.0) | (96.0, 96.0) | (64.0, 23.0) | (42.0, 14.0) | (46.0, 83.0) | (99.0, 74.0) | (51.0, 91.0) | (80.0, 0.0) | (74.0, 78.0) | (52.0, 24.0) | (58.0, 32.0) | (79.0, 91.0) | (34.0, 2.0) | (44.0, 64.0) | (99.0, 51.0) | (8.0, 94.0) | (73.0, 89.0) | (49.0, 17.0) | (59.0, 81.0) | (71.0, 21.0) | (21.0, 90.0) | (85.0, 38.0) | (82.0, 55.0) | (13.0, 12.0) | (44.0, 92.0) | (7.0, 82.0) | (78.0, 42.0) | (11.0, 13.0) | (63.0, 24.0) | (0.0, 20.0) | (98.0, 94.0) | (26.0, 60.0) | (46.0, 25.0) | (42.0, 53.0) | (22.0, 88.0)
((73, 55), (35, 53), (87, 43)) | (61.0, 79.0) | (0.0, 1.0) | (92.0, 99.0) | (6.0, 71.0) | (5.0, 28.0) | (20.0, 5.0) | (78.0, 69.0) | (86.0, 14.0) | (0.0, 20.0) | (75.0, 5.0) | (92.0, 23.0) | (15.0, 36.0) | (95.0, 34.0) | (44.0, 61.0) | (56.0, 89.0) | (73.0, 93.0) | (9.0, 9.0) | (99.0, 8.0) | (49.0, 33.0) | (86.0, 27.0) | (63.0, 61.0) | (7.0, 23.0) | (88.0, 31.0) | (7.0, 15.0) | (92.0, 63.0) | (67.0, 63.0) | (11.0, 0.0) | (54.0, 68.0) | (84.0, 7.0) | (37.0, 31.0) | (65.0, 85.0) | (51.0, 72.0) | (33.0, 10.0) | (31.0, 86.0) | (81.0, 41.0) | (27.0, 27.0) | (14.0, 11.0) | (5.0, 38.0) | (0.0, 10.0) | (44.0, 43.0) | (14.0, 16.0) | (31.0, 99.0) | (40.0, 13.0) | (23.0, 99.0) | (34.0, 25.0) | (64.0, 37.0) | (50.0, 92.0) | (71.0, 20.0) | (5.0, 91.0) | (0.0, 30.0)
((15, 62), (8, 93), (39, 42)) | (10.0, 26.0) | (25.0, 38.0) | (43.0, 33.0) | (56.0, 7.0) | (93.0, 76.0) | (72.0, 22.0) | (82.0, 90.0) | (79.0, 91.0) | (96.0, 88.0) | (87.0, 5.0) | (60.0, 0.0) | (26.0, 77.0) | (27.0, 60.0) | (6.0, 33.0) | (66.0, 86.0) | (89.0, 1.0) | (29.0, 39.0) | (0.0, 20.0) | (50.0, 0.0) | (73.0, 13.0) | (9.0, 22.0) | (13.0, 54.0) | (91.0, 68.0) | (6.0, 43.0) | (87.0, 47.0) | (56.0, 45.0) | (16.0, 22.0) | (9.0, 2.0) | (95.0, 28.0) | (82.0, 91.0) | (31.0, 60.0) | (74.0, 51.0) | (0.0, 30.0) | (88.0, 42.0) | (74.0, 43.0) | (54.0, 57.0) | (72.0, 75.0) | (81.0, 24.0) | (1.0, 32.0) | (70.0, 0.0) | (8.0, 52.0) | (82.0, 37.0) | (53.0, 23.0) | (76.0, 62.0) | (56.0, 63.0) | (89.0, 98.0) | (76.0, 30.0) | (35.0, 88.0) | (0.0, 80.0) | (92.0, 66.0)
((13, 98), (91, 97), (74, 72)) | (29.0, 18.0) | (70.0, 53.0) | (0.0, 70.0) | (65.0, 97.0) | (69.0, 91.0) | (20.0, 15.0) | (31.0, 51.0) | (87.0, 84.0) | (21.0, 13.0) | (0.0, 90.0) | (87.0, 73.0) | (70.0, 0.0) | (70.0, 60.0) | (53.0, 6.0) | (26.0, 25.0) | (23.0, 22.0) | (34.0, 16.0) | (15.0, 90.0) | (10.0, 54.0) | (53.0, 17.0) | (48.0, 6.0) | (11.0, 81.0) | (0.0, 10.0) | (29.0, 73.0) | (80.0, 0.0) | (33.0, 99.0) | (15.0, 49.0) | (34.0, 37.0) | (11.0, 23.0) | (10.0, 63.0) | (29.0, 88.0) | (36.0, 63.0) | (93.0, 60.0) | (20.0, 0.0) | (51.0, 26.0) | (80.0, 97.0) | (41.0, 48.0) | (83.0, 56.0) | (47.0, 71.0) | (40.0, 0.0) | (92.0, 63.0) | (99.0, 62.0) | (18.0, 90.0) | (78.0, 30.0) | (63.0, 37.0) | (80.0, 42.0) | (65.0, 8.0) | (27.0, 41.0) | (94.0, 59.0) | (77.0, 84.0)
((80, 90), (46, 51), (87, 45)) | (20.0, 93.0) | (40.0, 51.0) | (16.0, 52.0) | (14.0, 69.0) | (55.0, 65.0) | (67.0, 26.0) | (51.0, 80.0) | (63.0, 62.0) | (6.0, 35.0) | (37.0, 71.0) | (84.0, 61.0) | (44.0, 78.0) | (77.0, 59.0) | (79.0, 11.0) | (6.0, 62.0) | (12.0, 95.0) | (6.0, 26.0) | (72.0, 20.0) | (59.0, 57.0) | (0.0, 20.0) | (40.0, 0.0) | (9.0, 11.0) | (15.0, 37.0) | (52.0, 69.0) | (43.0, 84.0) | (42.0, 55.0) | (6.0, 20.0) | (0.0, 21.0) | (59.0, 30.0) | (29.0, 28.0) | (62.0, 94.0) | (89.0, 92.0) | (81.0, 44.0) | (54.0, 78.0) | (83.0, 85.0) | (51.0, 94.0) | (46.0, 58.0) | (4.0, 58.0) | (70.0, 35.0) | (8.0, 52.0) | (12.0, 32.0) | (0.0, 90.0) | (67.0, 71.0) | (63.0, 57.0) | (67.0, 21.0) | (99.0, 36.0) | (21.0, 85.0) | (99.0, 82.0) | (8.0, 92.0) | (87.0, 8.0)
((68, 96), (50, 33), (59, 15)) | (42.0, 40.0) | (33.0, 96.0) | (86.0, 33.0) | (78.0, 72.0) | (3.0, 40.0) | (0.0, 90.0) | (84.0, 92.0) | (20.0, 52.0) | (48.0, 48.0) | (42.0, 33.0) | (24.0, 82.0) | (92.0, 44.0) | (7.0, 14.0) | (24.0, 35.0) | (50.0, 0.0) | (93.0, 74.0) | (87.0, 36.0) | (22.0, 12.0) | (0.0, 70.0) | (16.0, 88.0) | (91.0, 89.0) | (89.0, 67.0) | (74.0, 91.0) | (0.0, 46.0) | (15.0, 52.0) | (78.0, 71.0) | (56.0, 6.0) | (82.0, 46.0) | (16.0, 42.0) | (51.0, 11.0) | (13.0, 12.0) | (53.0, 91.0) | (15.0, 55.0) | (85.0, 44.0) | (33.0, 0.0) | (0.0, 30.0) | (9.0, 50.0) | (82.0, 97.0) | (71.0, 61.0) | (83.0, 36.0) | (19.0, 22.0) | (51.0, 3.0) | (78.0, 23.0) | (10.0, 96.0) | (21.0, 80.0) | (10.0, 93.0) | (7.0, 24.0) | (53.0, 2.0) | (23.0, 96.0) | (51.0, 21.0)
((43, 91), (69, 16), (31, 50)) | (49.0, 44.0) | (43.0, 14.0) | (96.0, 69.0) | (58.0, 99.0) | (44.0, 74.0) | (13.0, 58.0) | (80.0, 0.0) | (84.0, 51.0) | (85.0, 61.0) | (92.0, 83.0) | (37.0, 55.0) | (47.0, 53.0) | (48.0, 52.0) | (0.0, 70.0) | (54.0, 46.0) | (18.0, 82.0) | (69.0, 91.0) | (26.0, 51.0) | (7.0, 62.0) | (21.0, 9.0) | (0.0, 10.0) | (10.0, 24.0) | (84.0, 31.0) | (26.0, 31.0) | (58.0, 88.0) | (5.0, 18.0) | (0.0, 0.0) | (27.0, 35.0) | (33.0, 41.0) | (94.0, 20.0) | (45.0, 16.0) | (53.0, 28.0) | (93.0, 26.0) | (16.0, 30.0) | (96.0, 26.0) | (32.0, 87.0) | (96.0, 99.0) | (96.0, 97.0) | (15.0, 72.0) | (92.0, 72.0) | (68.0, 31.0) | (56.0, 88.0) | (62.0, 9.0) | (50.0, 0.0) | (0.0, 20.0) | (12.0, 19.0) | (99.0, 98.0) | (15.0, 31.0) | (36.0, 27.0) | (49.0, 49.0)
((98, 21), (71, 32), (62, 61)) | (36.0, 10.0) | (10.0, 50.0) | (59.0, 77.0) | (70.0, 27.0) | (96.0, 80.0) | (35.0, 74.0) | (11.0, 88.0) | (38.0, 88.0) | (65.0, 97.0) | (33.0, 81.0) | (82.0, 84.0) | (23.0, 52.0) | (93.0, 40.0) | (41.0, 83.0) | (91.0, 86.0) | (14.0, 41.0) | (42.0, 82.0) | (89.0, 16.0) | (94.0, 92.0) | (42.0, 29.0) | (51.0, 85.0) | (99.0, 86.0) | (11.0, 32.0) | (86.0, 32.0) | (88.0, 72.0) | (46.0, 97.0) | (88.0, 83.0) | (24.0, 27.0) | (93.0, 46.0) | (22.0, 24.0) | (56.0, 28.0) | (67.0, 30.0) | (91.0, 97.0) | (55.0, 45.0) | (17.0, 97.0) | (24.0, 99.0) | (43.0, 55.0) | (15.0, 38.0) | (84.0, 12.0) | (80.0, 0.0) | (22.0, 74.0) | (44.0, 17.0) | (58.0, 85.0) | (15.0, 88.0) | (5.0, 18.0) | (38.0, 69.0) | (96.0, 41.0) | (94.0, 96.0) | (53.0, 47.0) | (59.0, 36.0)
((92, 98), (4, 52), (26, 10)) | (24.0, 40.0) | (59.0, 86.0) | (99.0, 34.0) | (78.0, 15.0) | (65.0, 21.0) | (81.0, 64.0) | (38.0, 73.0) | (89.0, 73.0) | (58.0, 29.0) | (57.0, 46.0) | (71.0, 62.0) | (93.0, 61.0) | (60.0, 43.0) | (42.0, 18.0) | (80.0, 67.0) | (90.0, 86.0) | (39.0, 42.0) | (38.0, 24.0) | (41.0, 5.0) | (93.0, 21.0) | (49.0, 23.0) | (66.0, 44.0) | (72.0, 46.0) | (3.0, 74.0) | (57.0, 4.0) | (54.0, 99.0) | (6.0, 81.0) | (5.0, 66.0) | (11.0, 34.0) | (13.0, 84.0) | (62.0, 68.0) | (73.0, 70.0) | (84.0, 9.0) | (99.0, 32.0) | (71.0, 23.0) | (76.0, 43.0) | (55.0, 12.0) | (85.0, 41.0) | (26.0, 22.0) | (27.0, 36.0) | (53.0, 16.0) | (80.0, 0.0) | (88.0, 83.0) | (0.0, 67.0) | (67.0, 22.0) | (26.0, 26.0) | (16.0, 89.0) | (20.0, 95.0) | (88.0, 82.0) | (31.0, 61.0)
((32, 77), (99, 10), (63, 32)) | (59.0, 58.0) | (8.0, 62.0) | (32.0, 24.0) | (87.0, 46.0) | (48.0, 32.0) | (22.0, 8.0) | (90.0, 97.0) | (85.0, 32.0) | (45.0, 29.0) | (76.0, 43.0) | (29.0, 13.0) | (34.0, 42.0) | (82.0, 55.0) | (87.0, 49.0) | (65.0, 10.0) | (34.0, 53.0) | (48.0, 28.0) | (78.0, 51.0) | (27.0, 46.0) | (99.0, 91.0) | (45.0, 25.0) | (17.0, 18.0) | (40.0, 0.0) | (88.0, 76.0) | (19.0, 16.0) | (21.0, 85.0) | (81.0, 43.0) | (66.0, 52.0) | (43.0, 32.0) | (32.0, 94.0) | (94.0, 62.0) | (95.0, 90.0) | (36.0, 0.0) | (24.0, 52.0) | (93.0, 5.0) | (72.0, 56.0) | (69.0, 69.0) | (18.0, 24.0) | (40.0, 32.0) | (60.0, 11.0) | (53.0, 91.0) | (28.0, 38.0) | (0.0, 20.0) | (11.0, 19.0) | (60.0, 29.0) | (48.0, 78.0) | (29.0, 12.0) | (91.0, 60.0) | (44.0, 76.0) | (13.0, 87.0)
((88, 98), (33, 8), (58, 11)) | (70.0, 0.0) | (58.0, 91.0) | (45.0, 52.0) | (26.0, 10.0) | (88.0, 57.0) | (9.0, 56.0) | (50.0, 43.0) | (39.0, 39.0) | (22.0, 57.0) | (67.0, 30.0) | (62.0, 52.0) | (13.0, 37.0) | (37.0, 43.0) | (88.0, 45.0) | (2.0, 60.0) | (93.0, 19.0) | (56.0, 88.0) | (66.0, 92.0) | (97.0, 19.0) | (25.0, 82.0) | (18.0, 56.0) | (54.0, 41.0) | (0.0, 20.0) | (60.0, 89.0) | (91.0, 59.0) | (57.0, 83.0) | (44.0, 59.0) | (93.0, 17.0) | (42.0, 36.0) | (53.0, 40.0) | (6.0, 89.0) | (71.0, 20.0) | (90.0, 56.0) | (92.0, 95.0) | (12.0, 14.0) | (28.0, 87.0) | (6.0, 13.0) | (17.0, 33.0) | (20.0, 10.0) | (94.0, 30.0) | (36.0, 90.0) | (77.0, 8.0) | (25.0, 66.0) | (40.0, 95.0) | (69.0, 94.0) | (41.0, 82.0) | (67.0, 94.0) | (82.0, 61.0) | (52.0, 76.0) | (84.0, 15.0)
((76, 60), (40, 15), (85, 29)) | (53.0, 91.0) | (38.0, 9.0) | (62.0, 41.0) | (36.0, 51.0) | (70.0, 29.0) | (5.0, 80.0) | (65.0, 70.0) | (51.0, 43.0) | (66.0, 6.0) | (76.0, 6.0) | (98.0, 99.0) | (63.0, 5.0) | (39.0, 26.0) | (33.0, 20.0) | (55.0, 93.0) | (88.0, 34.0) | (25.0, 66.0) | (68.0, 5.0) | (43.0, 66.0) | (89.0, 44.0) | (80.0, 0.0) | (62.0, 72.0) | (44.0, 32.0) | (0.0, 60.0) | (43.0, 53.0) | (48.0, 89.0) | (0.0, 77.0) | (86.0, 97.0) | (60.0, 76.0) | (28.0, 95.0) | (69.0, 40.0) | (0.0, 70.0) | (86.0, 50.0) | (95.0, 42.0) | (2.0, 22.0) | (54.0, 69.0) | (78.0, 82.0) | (67.0, 15.0) | (70.0, 0.0) | (96.0, 9.0) | (54.0, 75.0) | (25.0, 39.0) | (87.0, 91.0) | (35.0, 68.0) | (26.0, 93.0) | (72.0, 77.0) | (50.0, 0.0) | (54.0, 11.0) | (5.0, 93.0) | (7.0, 87.0)
((67, 11), (50, 90), (65, 12)) | (74.0, 72.0) | (43.0, 82.0) | (91.0, 13.0) | (36.0, 78.0) | (44.0, 59.0) | (90.0, 0.0) | (44.0, 51.0) | (38.0, 50.0) | (86.0, 48.0) | (64.0, 81.0) | (35.0, 96.0) | (30.0, 66.0) | (87.0, 34.0) | (20.0, 64.0) | (35.0, 36.0) | (22.0, 88.0) | (40.0, 68.0) | (28.0, 11.0) | (0.0, 70.0) | (29.0, 40.0) | (17.0, 48.0) | (40.0, 0.0) | (22.0, 0.0) | (0.0, 50.0) | (12.0, 6.0) | (41.0, 3.0) | (38.0, 38.0) | (8.0, 6.0) | (24.0, 17.0) | (30.0, 69.0) | (16.0, 50.0) | (30.0, 92.0) | (40.0, 82.0) | (34.0, 9.0) | (80.0, 12.0) | (82.0, 75.0) | (29.0, 25.0) | (50.0, 20.0) | (89.0, 67.0) | (90.0, 56.0) | (11.0, 32.0) | (27.0, 60.0) | (32.0, 39.0) | (30.0, 21.0) | (13.0, 87.0) | (62.0, 81.0) | (33.0, 43.0) | (29.0, 78.0) | (9.0, 9.0) | (23.0, 73.0)
((94, 17), (71, 12), (26, 93)) | (33.0, 56.0) | (50.0, 92.0) | (92.0, 65.0) | (2.0, 17.0) | (52.0, 41.0) | (42.0, 42.0) | (7.0, 11.0) | (21.0, 74.0) | (17.0, 25.0) | (82.0, 77.0) | (11.0, 23.0) | (83.0, 83.0) | (43.0, 12.0) | (30.0, 6.0) | (83.0, 64.0) | (37.0, 58.0) | (10.0, 49.0) | (11.0, 71.0) | (58.0, 12.0) | (9.0, 86.0) | (69.0, 87.0) | (17.0, 34.0) | (48.0, 86.0) | (1.0, 22.0) | (90.0, 84.0) | (0.0, 80.0) | (22.0, 50.0) | (37.0, 34.0) | (53.0, 73.0) | (27.0, 43.0) | (54.0, 23.0) | (64.0, 95.0) | (27.0, 49.0) | (76.0, 65.0) | (79.0, 92.0) | (74.0, 38.0) | (20.0, 0.0) | (87.0, 95.0) | (94.0, 95.0) | (79.0, 51.0) | (37.0, 59.0) | (83.0, 47.0) | (58.0, 82.0) | (60.0, 61.0) | (22.0, 90.0) | (99.0, 24.0) | (95.0, 92.0) | (99.0, 98.0) | (95.0, 13.0) | (9.0, 63.0)
((97, 17), (32, 67), (65, 79)) | (60.0, 0.0) | (99.0, 91.0) | (49.0, 79.0) | (40.0, 85.0) | (9.0, 82.0) | (0.0, 38.0) | (69.0, 98.0) | (8.0, 0.0) | (42.0, 25.0) | (5.0, 23.0) | (17.0, 93.0) | (6.0, 70.0) | (98.0, 44.0) | (44.0, 5.0) | (69.0, 24.0) | (54.0, 38.0) | (49.0, 60.0) | (98.0, 84.0) | (15.0, 87.0) | (4.0, 69.0) | (0.0, 1.0) | (78.0, 88.0) | (88.0, 99.0) | (99.0, 47.0) | (61.0, 9.0) | (31.0, 91.0) | (87.0, 45.0) | (99.0, 35.0) | (44.0, 40.0) | (20.0, 13.0) | (47.0, 22.0) | (65.0, 26.0) | (27.0, 3.0) | (80.0, 40.0) | (62.0, 1.0) | (88.0, 84.0) | (11.0, 81.0) | (98.0, 51.0) | (17.0, 58.0) | (70.0, 94.0) | (62.0, 45.0) | (27.0, 51.0) | (90.0, 0.0) | (35.0, 25.0) | (84.0, 93.0) | (99.0, 60.0) | (9.0, 7.0) | (99.0, 57.0) | (46.0, 80.0) | (74.0, 85.0)
((39, 96), (88, 20), (23, 50)) | (35.0, 29.0) | (79.0, 84.0) | (31.0, 26.0) | (14.0, 98.0) | (7.0, 41.0) | (12.0, 52.0) | (13.0, 12.0) | (6.0, 53.0) | (41.0, 14.0) | (0.0, 80.0) | (6.0, 35.0) | (50.0, 18.0) | (56.0, 47.0) | (28.0, 76.0) | (19.0, 68.0) | (22.0, 45.0) | (94.0, 58.0) | (80.0, 19.0) | (19.0, 65.0) | (71.0, 60.0) | (98.0, 88.0) | (28.0, 74.0) | (73.0, 78.0) | (49.0, 8.0) | (63.0, 89.0) | (4.0, 88.0) | (24.0, 41.0) | (9.0, 50.0) | (90.0, 11.0) | (36.0, 39.0) | (18.0, 31.0) | (51.0, 3.0) | (2.0, 27.0) | (16.0, 64.0) | (58.0, 61.0) | (91.0, 20.0) | (18.0, 90.0) | (64.0, 79.0) | (73.0, 4.0) | (91.0, 23.0) | (44.0, 84.0) | (67.0, 27.0) | (20.0, 86.0) | (99.0, 65.0) | (64.0, 6.0) | (91.0, 55.0) | (43.0, 39.0) | (81.0, 58.0) | (93.0, 11.0) | (58.0, 73.0)
((17, 95), (9, 41), (33, 87)) | (62.0, 64.0) | (79.0, 51.0) | (30.0, 26.0) | (12.0, 38.0) | (50.0, 31.0) | (98.0, 73.0) | (82.0, 55.0) | (83.0, 29.0) | (21.0, 96.0) | (19.0, 89.0) | (0.0, 50.0) | (66.0, 17.0) | (67.0, 61.0) | (93.0, 51.0) | (69.0, 12.0) | (0.0, 60.0) | (44.0, 73.0) | (93.0, 50.0) | (39.0, 87.0) | (51.0, 9.0) | (4.0, 72.0) | (37.0, 51.0) | (4.0, 5.0) | (49.0, 56.0) | (70.0, 0.0) | (78.0, 33.0) | (59.0, 48.0) | (57.0, 20.0) | (67.0, 58.0) | (34.0, 36.0) | (37.0, 67.0) | (52.0, 4.0) | (80.0, 26.0) | (87.0, 93.0) | (6.0, 62.0) | (32.0, 99.0) | (26.0, 38.0) | (71.0, 93.0) | (79.0, 83.0) | (0.0, 80.0) | (76.0, 46.0) | (92.0, 57.0) | (35.0, 53.0) | (26.0, 59.0) | (99.0, 39.0) | (89.0, 31.0) | (33.0, 98.0) | (26.0, 53.0) | (7.0, 81.0) | (92.0, 7.0)
((99, 2), (93, 12), (52, 29)) | (38.0, 6.0) | (25.0, 21.0) | (45.0, 72.0) | (43.0, 68.0) | (81.0, 58.0) | (8.0, 87.0) | (73.0, 38.0) | (90.0, 21.0) | (66.0, 94.0) | (71.0, 1.0) | (2.0, 50.0) | (65.0, 12.0) | (10.0, 23.0) | (9.0, 5.0) | (45.0, 44.0) | (81.0, 33.0) | (31.0, 2.0) | (26.0, 93.0) | (98.0, 65.0) | (88.0, 85.0) | (78.0, 7.0) | (26.0, 33.0) | (63.0, 33.0) | (82.0, 41.0) | (69.0, 36.0) | (55.0, 0.0) | (32.0, 99.0) | (83.0, 50.0) | (92.0, 19.0) | (46.0, 97.0) | (72.0, 0.0) | (58.0, 17.0) | (22.0, 82.0) | (30.0, 0.0) | (74.0, 54.0) | (67.0, 51.0) | (69.0, 67.0) | (38.0, 15.0) | (26.0, 56.0) | (85.0, 96.0) | (23.0, 91.0) | (28.0, 38.0) | (21.0, 97.0) | (50.0, 1.0) | (96.0, 40.0) | (0.0, 90.0) | (65.0, 12.0) | (63.0, 56.0) | (64.0, 84.0) | (43.0, 93.0)
((22, 24), (77, 82), (54, 0)) | (12.0, 91.0) | (76.0, 35.0) | (40.0, 0.0) | (44.0, 32.0) | (62.0, 31.0) | (52.0, 50.0) | (23.0, 43.0) | (71.0, 9.0) | (39.0, 22.0) | (87.0, 55.0) | (35.0, 56.0) | (86.0, 66.0) | (14.0, 31.0) | (78.0, 99.0) | (88.0, 99.0) | (73.0, 40.0) | (6.0, 37.0) | (34.0, 35.0) | (13.0, 99.0) | (67.0, 37.0) | (87.0, 60.0) | (90.0, 36.0) | (85.0, 33.0) | (20.0, 63.0) | (33.0, 72.0) | (88.0, 97.0) | (49.0, 75.0) | (87.0, 73.0) | (38.0, 75.0) | (45.0, 14.0) | (5.0, 10.0) | (16.0, 37.0) | (3.0, 74.0) | (59.0, 31.0) | (91.0, 25.0) | (76.0, 50.0) | (49.0, 0.0) | (80.0, 78.0) | (1.0, 0.0) | (61.0, 20.0) | (71.0, 97.0) | (99.0, 46.0) | (50.0, 68.0) | (5.0, 35.0) | (14.0, 34.0) | (37.0, 72.0) | (0.0, 60.0) | (0.0, 10.0) | (15.0, 57.0) | (68.0, 34.0)
((30, 55), (50, 48), (73, 91)) | (85.0, 83.0) | (71.0, 46.0) | (66.0, 94.0) | (12.0, 36.0) | (17.0, 15.0) | (20.0, 65.0) | (95.0, 20.0) | (38.0, 9.0) | (27.0, 68.0) | (72.0, 71.0) | (60.0, 5.0) | (83.0, 78.0) | (69.0, 16.0) | (19.0, 45.0) | (75.0, 27.0) | (83.0, 43.0) | (18.0, 6.0) | (55.0, 2.0) | (3.0, 54.0) | (13.0, 16.0) | (35.0, 73.0) | (44.0, 99.0) | (92.0, 30.0) | (18.0, 42.0) | (91.0, 77.0) | (50.0, 70.0) | (99.0, 99.0) | (99.0, 34.0) | (29.0, 14.0) | (65.0, 8.0) | (98.0, 87.0) | (94.0, 13.0) | (77.0, 78.0) | (65.0, 24.0) | (84.0, 36.0) | (55.0, 44.0) | (72.0, 29.0) | (88.0, 77.0) | (73.0, 32.0) | (25.0, 32.0) | (77.0, 77.0) | (28.0, 20.0) | (5.0, 28.0) | (7.0, 79.0) | (13.0, 22.0) | (59.0, 12.0) | (14.0, 80.0) | (35.0, 88.0) | (61.0, 33.0) | (34.0, 30.0)
((80, 3), (46, 79), (34, 59)) | (85.0, 26.0) | (28.0, 9.0) | (53.0, 61.0) | (21.0, 18.0) | (22.0, 85.0) | (13.0, 80.0) | (88.0, 31.0) | (88.0, 41.0) | (78.0, 50.0) | (20.0, 46.0) | (5.0, 98.0) | (13.0, 76.0) | (7.0, 26.0) | (46.0, 28.0) | (91.0, 69.0) | (47.0, 15.0) | (62.0, 68.0) | (95.0, 55.0) | (56.0, 85.0) | (27.0, 79.0) | (13.0, 12.0) | (65.0, 77.0) | (62.0, 43.0) | (24.0, 24.0) | (44.0, 96.0) | (58.0, 97.0) | (0.0, 60.0) | (0.0, 80.0) | (0.0, 40.0) | (76.0, 74.0) | (65.0, 88.0) | (44.0, 6.0) | (5.0, 48.0) | (8.0, 45.0) | (23.0, 77.0) | (99.0, 12.0) | (52.0, 49.0) | (5.0, 44.0) | (13.0, 27.0) | (74.0, 99.0) | (16.0, 58.0) | (4.0, 8.0) | (20.0, 57.0) | (16.0, 82.0) | (97.0, 83.0) | (27.0, 15.0) | (90.0, 7.0) | (78.0, 52.0) | (91.0, 27.0) | (13.0, 60.0)
((11, 42), (53, 6), (32, 80)) | (32.0, 84.0) | (57.0, 65.0) | (85.0, 70.0) | (12.0, 14.0) | (9.0, 21.0) | (85.0, 75.0) | (63.0, 52.0) | (65.0, 58.0) | (19.0, 9.0) | (10.0, 0.0) | (28.0, 27.0) | (90.0, 53.0) | (36.0, 99.0) | (3.0, 34.0) | (34.0, 29.0) | (14.0, 31.0) | (97.0, 60.0) | (9.0, 67.0) | (99.0, 73.0) | (8.0, 77.0) | (61.0, 27.0) | (0.0, 89.0) | (5.0, 99.0) | (34.0, 61.0) | (0.0, 0.0) | (68.0, 98.0) | (45.0, 60.0) | (27.0, 91.0) | (59.0, 21.0) | (50.0, 93.0) | (50.0, 0.0) | (54.0, 28.0) | (72.0, 84.0) | (84.0, 39.0) | (63.0, 93.0) | (42.0, 0.0) | (6.0, 80.0) | (85.0, 22.0) | (38.0, 18.0) | (70.0, 49.0) | (77.0, 51.0) | (77.0, 85.0) | (22.0, 99.0) | (50.0, 69.0) | (20.0, 88.0) | (91.0, 47.0) | (22.0, 90.0) | (36.0, 50.0) | (0.0, 90.0) | (18.0, 8.0)
((29, 93), (97, 45), (5, 15)) | (14.0, 45.0) | (38.0, 58.0) | (13.0, 53.0) | (84.0, 28.0) | (35.0, 12.0) | (28.0, 44.0) | (21.0, 86.0) | (0.0, 0.0) | (48.0, 68.0) | (16.0, 41.0) | (9.0, 93.0) | (20.0, 21.0) | (34.0, 91.0) | (15.0, 51.0) | (0.0, 10.0) | (87.0, 23.0) | (66.0, 73.0) | (40.0, 0.0) | (55.0, 9.0) | (36.0, 61.0) | (66.0, 57.0) | (57.0, 95.0) | (89.0, 82.0) | (24.0, 39.0) | (76.0, 98.0) | (30.0, 19.0) | (8.0, 47.0) | (22.0, 9.0) | (71.0, 15.0) | (9.0, 68.0) | (61.0, 46.0) | (59.0, 64.0) | (8.0, 51.0) | (9.0, 97.0) | (69.0, 54.0) | (90.0, 0.0) | (22.0, 60.0) | (85.0, 10.0) | (0.0, 36.0) | (73.0, 63.0) | (90.0, 0.0) | (15.0, 64.0) | (37.0, 35.0) | (26.0, 28.0) | (90.0, 5.0) | (97.0, 55.0) | (72.0, 25.0) | (19.0, 50.0) | (69.0, 52.0) | (14.0, 7.0)
((35, 19), (78, 46), (70, 26)) | (26.0, 73.0) | (32.0, 6.0) | (88.0, 23.0) | (66.0, 54.0) | (74.0, 25.0) | (32.0, 60.0) | (0.0, 50.0) | (36.0, 63.0) | (0.0, 60.0) | (39.0, 85.0) | (23.0, 94.0) | (30.0, 46.0) | (51.0, 35.0) | (96.0, 76.0) | (18.0, 93.0) | (75.0, 95.0) | (69.0, 98.0) | (78.0, 90.0) | (50.0, 77.0) | (77.0, 69.0) | (62.0, 10.0) | (91.0, 30.0) | (99.0, 30.0) | (16.0, 87.0) | (84.0, 53.0) | (67.0, 48.0) | (6.0, 99.0) | (0.0, 10.0) | (99.0, 16.0) | (37.0, 55.0) | (12.0, 89.0) | (89.0, 75.0) | (41.0, 56.0) | (10.0, 60.0) | (48.0, 89.0) | (30.0, 18.0) | (34.0, 84.0) | (92.0, 84.0) | (91.0, 70.0) | (75.0, 55.0) | (67.0, 18.0) | (74.0, 76.0) | (66.0, 49.0) | (27.0, 91.0) | (15.0, 63.0) | (0.0, 30.0) | (76.0, 13.0) | (28.0, 24.0) | (78.0, 96.0) | (65.0, 66.0)
((35, 44), (11, 90), (90, 3)) | (25.0, 84.0) | (48.0, 17.0) | (75.0, 37.0) | (94.0, 52.0) | (59.0, 47.0) | (83.0, 35.0) | (47.0, 20.0) | (17.0, 6.0) | (58.0, 84.0) | (99.0, 61.0) | (41.0, 70.0) | (41.0, 93.0) | (55.0, 9.0) | (81.0, 97.0) | (80.0, 0.0) | (79.0, 26.0) | (50.0, 59.0) | (81.0, 74.0) | (0.0, 90.0) | (72.0, 74.0) | (14.0, 39.0) | (30.0, 0.0) | (50.0, 0.0) | (84.0, 32.0) | (15.0, 33.0) | (75.0, 31.0) | (39.0, 30.0) | (86.0, 87.0) | (39.0, 60.0) | (38.0, 92.0) | (96.0, 77.0) | (74.0, 36.0) | (74.0, 62.0) | (27.0, 29.0) | (95.0, 77.0) | (93.0, 44.0) | (80.0, 26.0) | (29.0, 38.0) | (72.0, 65.0) | (83.0, 86.0) | (87.0, 95.0) | (33.0, 92.0) | (47.0, 61.0) | (72.0, 30.0) | (37.0, 11.0) | (70.0, 0.0) | (0.0, 90.0) | (62.0, 82.0) | (50.0, 5.0) | (32.0, 42.0)
