((62, 8), (70, 94), (73, 59)) | (41, 86) | (30, 52) | (0, 18) | (77, 29) | (5, 37) | (54, 25) | (6, 23) | (32, 64) | (17, 45) | (72, 64) | (83, 23) | (19, 54) | (59, 41) | (6, 87) | (64, 55) | (46, 31) | (35, 36) | (41, 44) | (10, 14) | (43, 14) | (71, 98) | (18, 94) | (43, 77) | (5, 20) | (76, 32) | (19, 60) | (65, 67) | (80, 69) | (25, 59) | (87, 53) | (88, 65) | (66, 18) | (23, 48) | (6, 40) | (84, 38) | (12, 92) | (26, 35) | (84, 85) | (62, 15) | (67, 1) | (97, 62) | (71, 35) | (32, 26) | (51, 72) | (59, 9) | (34, 15) | (48, 62) | (37, 78) | (80, 98) | (48, 50)
((62, 47), (3, 15), (7, 63)) | (79, 25) | (16, 4) | (48, 15) | (79, 80) | (70, 68) | (56, 66) | (41, 44) | (99, 99) | (65, 2) | (18, 33) | (53, 43) | (94, 4) | (52, 88) | (99, 65) | (17, 97) | (58, 49) | (78, 4) | (49, 50) | (20, 53) | (36, 11) | (61, 1) | (35, 84) | (58, 79) | (24, 34) | (7, 40) | (13, 14) | (9, 28) | (25, 88) | (6, 55) | (49, 81) | (67, 61) | (72, 14) | (68, 36) | (76, 88) | (31, 96) | (27, 68) | (45, 90) | (60, 50) | (93, 28) | (74, 86) | (11, 80) | (23, 52) | (72, 91) | (31, 43) | (5, 38) | (57, 95) | (65, 39) | (98, 55) | (59, 74) | (45, 17)
((70, 19), (93, 8), (83, 82)) | (37, 58) | (56, 82) | (7, 9) | (85, 83) | (6, 66) | (97, 1) | (50, 3) | (30, 57) | (15, 74) | (31, 6) | (72, 76) | (57, 20) | (8, 59) | (96, 21) | (85, 5) | (78, 27) | (59, 73) | (45, 56) | (10, 23) | (99, 1) | (35, 70) | (69, 51) | (7, 16) | (81, 94) | (38, 87) | (17, 91) | (42, 5) | (86, 62) | (16, 80) | (25, 23) | (69, 32) | (81, 41) | (12, 71) | (35, 11) | (93, 45) | (51, 10) | (23, 5) | (82, 66) | (77, 44) | (72, 68) | (34, 37) | (67, 83) | (34, 88) | (29, 12) | (7, 86) | (69, 77) | (39, 43) | (33, 5) | (51, 90) | (98, 47)
((41, 62), (92, 84), (85, 10)) | (47, 40) | (80, 78) | (29, 95) | (48, 51) | (83, 33) | (65, 61) | (93, 67) | (4, 73) | (26, 57) | (78, 94) | (63, 4) | (86, 42) | (60, 97) | (73, 41) | (82, 84) | (74, 21) | (80, 7) | (91, 22) | (2, 28) | (24, 77) | (43, 99) | (39, 0) | (91, 9) | (24, 53) | (13, 81) | (65, 67) | (36, 60) | (95, 56) | (9, 6) | (54, 66) | (34, 79) | (19, 72) | (97, 2) | (43, 93) | (8, 72) | (89, 44) | (59, 92) | (78, 89) | (30, 33) | (37, 97) | (44, 22) | (60, 32) | (29, 39) | (27, 43) | (6, 54) | (8, 27) | (66, 10) | (98, 11) | (47, 54) | (79, 77)
((5, 19), (56, 41), (24, 50)) | (67, 32) | (69, 95) | (47, 64) | (32, 54) | (95, 42) | (38, 67) | (6, 94) | (52, 60) | (29, 24) | (67, 41) | (60, 47) | (92, 24) | (45, 97) | (65, 69) | (49, 30) | (38, 96) | (95, 22) | (23, 31) | (55, 99) | (99, 92) | (84, 89) | (43, 80) | (13, 53) | (35, 49) | (5, 85) | (12, 22) | (63, 95) | (68, 59) | (94, 36) | (4, 72) | (42, 24) | (72, 60) | (75, 16) | (2, 60) | (13, 11) | (98, 6) | (28, 16) | (81, 59) | (65, 68) | (45, 40) | (74, 36) | (25, 71) | (23, 70) | (60, 92) | (0, 40) | (98, 51) | (78, 72) | (16, 0) | (82, 4) | (62, 48)
((49, 98), (16, 58), (52, 61)) | (31, 19) | (63, 7) | (89, 59) | (87, 55) | (9, 10) | (31, 85) | (59, 99) | (92, 14) | (64, 64) | (2, 15) | (0, 9) | (78, 72) | (33, 23) | (5, 27) | (3, 18) | (56, 56) | (21, 41) | (85, 80) | (71, 20) | (65, 5) | (64, 86) | (21, 5) | (12, 23) | (37, 83) | (17, 55) | (13, 68) | (33, 96) | (55, 26) | (98, 26) | (48, 71) | (78, 16) | (34, 43) | (65, 41) | (93, 83) | (38, 38) | (47, 22) | (64, 63) | (66, 57) | (45, 11) | (82, 41) | (41, 10) | (2, 44) | (2, 2) | (36, 1) | (47, 9) | (26, 69) | (33, 17) | (5, 12) | (69, 3) | (72, 95)
((57, 56), (32, 83), (79, 60)) | (69, 23) | (5, 39) | (69, 18) | (14, 57) | (90, 68) | (2, 70) | (55, 48) | (59, 73) | (58, 96) | (97, 19) | (44, 59) | (41, 78) | (31, 64) | (49, 94) | (38, 59) | (22, 77) | (58, 85) | (38, 4) | (73, 36) | (77, 50) | (22, 23) | (30, 0) | (62, 8) | (88, 19) | (14, 82) | (41, 16) | (12, 30) | (32, 54) | (68, 47) | (2, 13) | (54, 6) | (98, 24) | (93, 71) | (35, 2) | (59, 4) | (29, 99) | (98, 45) | (31, 88) | (9, 70) | (40, 90) | (44, 28) | (37, 4) | (90, 98) | (62, 99) | (61, 50) | (19, 25) | (21, 99) | (84, 99) | (0, 10) | (97, 12)
((68, 84), (21, 28), (57, 97)) | (56, 62) | (29, 54) | (62, 77) | (98, 84) | (61, 75) | (68, 48) | (38, 72) | (35, 60) | (20, 16) | (95, 46) | (45, 9) | (91, 11) | (79, 8) | (27, 42) | (21, 94) | (16, 67) | (28, 85) | (10, 60) | (23, 18) | (37, 27) | (23, 45) | (66, 82) | (97, 7) | (31, 72) | (21, 92) | (74, 83) | (67, 56) | (34, 43) | (96, 67) | (48, 83) | (44, 33) | (25, 73) | (86, 14) | (29, 2) | (54, 11) | (33, 70) | (51, 42) | (98, 63) | (76, 1) | (44, 92) | (23, 37) | (16, 1) | (60, 66) | (90, 53) | (88, 89) | (64, 7) | (34, 36) | (32, 5) | (17, 60) | (3, 22)
((77, 15), (50, 38), (56, 1)) | (94, 4) | (69, 5) | (10, 22) | (4, 67) | (44, 9) | (10, 39) | (62, 33) | (56, 7) | (63, 95) | (38, 22) | (5, 30) | (77, 78) | (44, 42) | (17, 45) | (71, 30) | (43, 28) | (37, 81) | (25, 98) | (4, 23) | (68, 61) | (32, 65) | (16, 31) | (75, 40) | (98, 73) | (68, 32) | (54, 56) | (36, 98) | (26, 36) | (8, 98) | (22, 56) | (0, 19) | (43, 10) | (13, 33) | (67, 95) | (8, 51) | (87, 7) | (3, 91) | (83, 14) | (67, 50) | (85, 1) | (63, 59) | (35, 33) | (85, 10) | (54, 37) | (40, 37) | (67, 66) | (99, 71) | (84, 85) | (52, 96) | (93, 79)
((67, 22), (75, 68), (31, 54)) | (23, 42) | (68, 60) | (62, 19) | (72, 4) | (27, 47) | (41, 22) | (4, 1) | (45, 98) | (85, 69) | (41, 84) | (54, 26) | (63, 48) | (82, 53) | (12, 2) | (46, 43) | (20, 76) | (4, 69) | (62, 74) | (60, 17) | (51, 51) | (3, 94) | (95, 67) | (66, 46) | (0, 43) | (12, 23) | (96, 49) | (71, 46) | (10, 45) | (33, 10) | (54, 21) | (64, 92) | (24, 9) | (75, 94) | (19, 57) | (56, 36) | (69, 71) | (78, 38) | (42, 86) | (6, 29) | (89, 88) | (28, 48) | (71, 11) | (44, 84) | (67, 72) | (48, 17) | (57, 63) | (57, 86) | (5, 48) | (56, 91) | (43, 7)
((25, 29), (68, 50), (98, 95)) | (33, 99) | (94, 22) | (16, 44) | (0, 70) | (70, 37) | (1, 19) | (36, 12) | (36, 38) | (71, 18) | (12, 53) | (18, 13) | (47, 88) | (88, 2) | (20, 74) | (24, 96) | (18, 43) | (10, 45) | (34, 97) | (38, 55) | (89, 53) | (3, 19) | (89, 76) | (50, 39) | (42, 19) | (89, 61) | (77, 51) | (45, 8) | (1, 4) | (8, 38) | (37, 50) | (18, 33) | (14, 46) | (96, 25) | (6, 96) | (97, 34) | (29, 89) | (68, 23) | (15, 75) | (83, 3) | (52, 45) | (40, 40) | (22, 42) | (76, 99) | (62, 55) | (5, 23) | (11, 14) | (72, 40) | (44, 95) | (31, 15) | (13, 22)
((62, 49), (76, 18), (10, 76)) | (19, 44) | (88, 31) | (12, 42) | (2, 21) | (37, 39) | (94, 66) | (16, 12) | (67, 41) | (10, 54) | (40, 3) | (99, 69) | (34, 63) | (90, 69) | (89, 85) | (87, 84) | (69, 65) | (69, 30) | (18, 67) | (54, 55) | (69, 10) | (47, 4) | (22, 35) | (63, 58) | (36, 16) | (79, 16) | (59, 83) | (74, 83) | (62, 73) | (75, 96) | (25, 6) | (89, 98) | (6, 96) | (23, 16) | (91, 29) | (64, 7) | (70, 25) | (41, 81) | (92, 59) | (61, 96) | (74, 66) | (44, 97) | (67, 20) | (39, 40) | (94, 74) | (82, 53) | (26, 36) | (3, 52) | (19, 48) | (66, 9) | (32, 50)
((71, 75), (86, 66), (20, 12)) | (39, 71) | (83, 9) | (71, 87) | (37, 41) | (2, 91) | (95, 23) | (31, 17) | (47, 61) | (62, 59) | (50, 32) | (45, 76) | (69, 49) | (76, 54) | (78, 20) | (96, 17) | (76, 20) | (3, 26) | (59, 88) | (77, 74) | (18, 41) | (41, 17) | (13, 86) | (67, 51) | (19, 87) | (84, 66) | (62, 35) | (73, 27) | (59, 92) | (83, 50) | (40, 29) | (53, 41) | (6, 7) | (66, 24) | (84, 68) | (73, 79) | (56, 70) | (65, 2) | (78, 67) | (56, 19) | (63, 42) | (74, 66) | (90, 87) | (65, 90) | (97, 80) | (71, 51) | (69, 48) | (88, 16) | (83, 70) | (65, 39) | (70, 2)
((37, 83), (57, 54), (97, 8)) | (94, 42) | (37, 31) | (8, 46) | (67, 41) | (99, 25) | (22, 98) | (71, 31) | (3, 5) | (20, 55) | (14, 2) | (24, 82) | (47, 12) | (61, 77) | (3, 83) | (18, 15) | (66, 94) | (34, 92) | (73, 98) | (34, 27) | (68, 15) | (24, 37) | (86, 73) | (68, 89) | (18, 12) | (50, 73) | (58, 26) | (77, 3) | (24, 36) | (58, 17) | (90, 69) | (30, 73) | (74, 34) | (36, 27) | (21, 91) | (75, 86) | (36, 4) | (35, 12) | (91, 82) | (99, 2) | (30, 41) | (25, 92) | (79, 52) | (69, 30) | (82, 40) | (57, 52) | (63, 48) | (16, 20) | (90, 3) | (32, 94) | (4, 54)
((17, 98), (97, 16), (75, 80)) | (59, 32) | (38, 79) | (25, 64) | (11, 21) | (6, 79) | (58, 22) | (48, 61) | (38, 13) | (74, 71) | (90, 42) | (87, 45) | (66, 54) | (51, 9) | (63, 25) | (24, 46) | (27, 25) | (98, 72) | (53, 34) | (53, 61) | (77, 36) | (12, 83) | (19, 83) | (65, 79) | (56, 17) | (82, 23) | (82, 63) | (59, 92) | (14, 34) | (40, 13) | (73, 16) | (77, 28) | (45, 22) | (51, 61) | (93, 19) | (38, 24) | (45, 26) | (60, 9) | (32, 91) | (21, 11) | (48, 9) | (12, 93) | (21, 97) | (59, 82) | (29, 83) | (0, 54) | (66, 34) | (61, 35) | (55, 32) | (52, 76) | (87, 30)
((20, 47), (61, 9), (28, 56)) | (7, 25) | (87, 81) | (45, 56) | (42, 12) | (17, 62) | (76, 66) | (79, 51) | (91, 70) | (94, 21) | (33, 26) | (64, 68) | (67, 42) | (76, 63) | (78, 41) | (46, 36) | (15, 58) | (55, 45) | (22, 92) | (73, 64) | (58, 20) | (51, 76) | (94, 25) | (18, 18) | (3, 60) | (96, 48) | (46, 78) | (59, 1) | (28, 24) | (27, 43) | (37, 92) | (95, 11) | (4, 86) | (7, 85) | (45, 93) | (41, 70) | (32, 57) | (49, 72) | (5, 62) | (9, 7) | (44, 8) | (55, 22) | (31, 27) | (58, 80) | (71, 81) | (1, 36) | (9, 82) | (12, 94) | (16, 51) | (43, 99) | (66, 24)
((41, 10), (74, 3), (53, 74)) | (10, 0) | (21, 33) | (46, 15) | (60, 33) | (92, 41) | (85, 96) | (59, 29) | (92, 63) | (79, 37) | (38, 14) | (60, 77) | (23, 4) | (67, 51) | (38, 65) | (60, 3) | (32, 23) | (37, 80) | (57, 44) | (27, 9) | (45, 27) | (37, 23) | (21, 36) | (10, 76) | (89, 80) | (64, 87) | (22, 87) | (56, 46) | (34, 82) | (65, 60) | (43, 60) | (37, 39) | (89, 65) | (50, 59) | (34, 12) | (88, 7) | (95, 44) | (33, 4) | (64, 68) | (43, 63) | (72, 83) | (23, 57) | (51, 69) | (50, 4) | (10, 54) | (16, 57) | (54, 40) | (13, 84) | (83, 8) | (73, 22) | (13, 95)
((31, 82), (70, 55), (34, 8)) | (91, 27) | (51, 99) | (33, 43) | (98, 47) | (4, 91) | (70, 51) | (99, 67) | (87, 28) | (98, 98) | (86, 85) | (8, 90) | (46, 90) | (42, 58) | (34, 39) | (2, 55) | (96, 59) | (92, 49) | (41, 65) | (48, 10) | (15, 88) | (81, 14) | (17, 5) | (81, 22) | (95, 99) | (42, 84) | (85, 71) | (63, 63) | (13, 6) | (24, 54) | (67, 19) | (3, 12) | (39, 98) | (80, 55) | (9, 10) | (84, 29) | (1, 97) | (85, 33) | (32, 68) | (16, 85) | (61, 83) | (38, 12) | (15, 79) | (32, 19) | (23, 2) | (15, 28) | (36, 24) | (37, 6) | (47, 72) | (23, 14) | (22, 75)
((0, 23), (13, 57), (59, 26)) | (95, 90) | (88, 81) | (70, 92) | (24, 1) | (64, 0) | (21, 71) | (29, 8) | (76, 82) | (60, 72) | (88, 69) | (63, 33) | (25, 54) | (62, 93) | (90, 95) | (28, 0) | (68, 7) | (54, 28) | (93, 77) | (81, 28) | (10, 86) | (2, 83) | (40, 52) | (84, 5) | (14, 70) | (72, 99) | (62, 40) | (92, 61) | (91, 88) | (76, 64) | (34, 58) | (49, 68) | (83, 93) | (28, 14) | (82, 79) | (81, 99) | (80, 37) | (14, 42) | (64, 68) | (54, 85) | (82, 69) | (43, 22) | (85, 60) | (25, 66) | (77, 43) | (1, 84) | (17, 85) | (60, 93) | (57, 6) | (81, 46) | (30, 85)
((44, 55), (8, 48), (98, 60)) | (44, 72) | (58, 90) | (84, 39) | (13, 40) | (0, 89) | (70, 66) | (90, 25) | (83, 43) | (34, 40) | (80, 10) | (89, 28) | (45, 58) | (47, 66) | (33, 38) | (48, 49) | (29, 78) | (12, 66) | (96, 62) | (7, 53) | (10, 35) | (77, 90) | (8, 84) | (7, 84) | (2, 76) | (58, 74) | (88, 39) | (86, 35) | (3, 85) | (2, 23) | (41, 89) | (69, 12) | (7, 76) | (63, 65) | (11, 74) | (74, 2) | (68, 43) | (24, 99) | (21, 27) | (82, 23) | (9, 70) | (79, 15) | (6, 4) | (55, 72) | (99, 80) | (50, 21) | (2, 6) | (52, 59) | (11, 8) | (60, 19) | (37, 59)
((7, 5), (1, 10), (82, 74)) | (29, 7) | (93, 22) | (26, 53) | (38, 68) | (59, 63) | (29, 80) | (0, 32) | (0, 21) | (85, 70) | (42, 93) | (9, 39) | (15, 34) | (32, 44) | (36, 41) | (99, 48) | (17, 41) | (4, 48) | (22, 91) | (86, 30) | (96, 98) | (3, 46) | (42, 27) | (94, 55) | (60, 86) | (20, 63) | (74, 5) | (80, 75) | (61, 10) | (46, 23) | (31, 12) | (10, 4) | (8, 64) | (28, 17) | (27, 94) | (25, 87) | (68, 96) | (94, 35) | (51, 84) | (30, 11) | (89, 83) | (19, 98) | (28, 40) | (87, 12) | (15, 44) | (19, 69) | (8, 21) | (78, 78) | (77, 62) | (0, 49) | (43, 2)
((23, 45), (85, 64), (94, 24)) | (60, 9) | (25, 67) | (94, 76) | (99, 30) | (57, 19) | (14, 47) | (46, 30) | (7, 66) | (37, 69) | (67, 93) | (72, 2) | (11, 24) | (4, 9) | (54, 99) | (22, 94) | (75, 45) | (33, 22) | (26, 78) | (28, 68) | (28, 3) | (81, 98) | (60, 30) | (1, 4) | (30, 22) | (2, 27) | (44, 88) | (76, 95) | (32, 70) | (81, 47) | (74, 18) | (42, 73) | (88, 54) | (99, 40) | (20, 16) | (75, 97) | (81, 85) | (23, 69) | (10, 4) | (41, 75) | (46, 82) | (37, 99) | (42, 68) | (41, 46) | (91, 18) | (55, 16) | (87, 41) | (49, 95) | (45, 46) | (84, 25) | (89, 83)
((23, 8), (18, 79), (76, 76)) | (61, 15) | (21, 92) | (97, 64) | (91, 62) | (97, 16) | (24, 8) | (43, 31) | (59, 75) | (73, 62) | (48, 14) | (67, 47) | (57, 23) | (41, 72) | (43, 94) | (97, 36) | (56, 66) | (18, 77) | (8, 1) | (19, 29) | (23, 51) | (99, 58) | (46, 10) | (48, 92) | (19, 65) | (44, 7) | (88, 50) | (63, 53) | (64, 97) | (32, 86) | (39, 73) | (25, 37) | (3, 64) | (23, 21) | (96, 38) | (22, 31) | (1, 54) | (36, 43) | (19, 85) | (36, 37) | (71, 53) | (69, 72) | (58, 37) | (16, 30) | (42, 11) | (21, 74) | (95, 93) | (66, 76) | (77, 60) | (98, 2) | (61, 78)
((62, 80), (0, 30), (59, 86)) | (15, 69) | (79, 73) | (39, 22) | (20, 52) | (1, 14) | (40, 31) | (77, 19) | (47, 21) | (6, 36) | (12, 72) | (25, 88) | (39, 98) | (75, 33) | (64, 92) | (77, 51) | (65, 64) | (15, 83) | (53, 59) | (71, 55) | (52, 3) | (23, 31) | (88, 86) | (78, 2) | (42, 85) | (94, 80) | (87, 35) | (31, 71) | (42, 33) | (73, 51) | (67, 3) | (65, 8) | (89, 19) | (67, 44) | (84, 6) | (51, 39) | (75, 91) | (91, 10) | (23, 60) | (89, 15) | (10, 68) | (8, 91) | (55, 4) | (97, 29) | (2, 16) | (52, 88) | (95, 18) | (54, 32) | (13, 25) | (96, 63) | (50, 0)
((28, 43), (84, 36), (7, 50)) | (38, 39) | (33, 25) | (37, 84) | (21, 66) | (37, 66) | (0, 76) | (58, 28) | (32, 13) | (80, 23) | (42, 96) | (37, 58) | (73, 79) | (92, 45) | (28, 49) | (11, 98) | (89, 17) | (51, 54) | (97, 75) | (13, 96) | (6, 59) | (97, 97) | (57, 20) | (22, 12) | (14, 41) | (6, 3) | (44, 23) | (52, 68) | (55, 44) | (34, 71) | (42, 7) | (2, 32) | (93, 66) | (38, 55) | (76, 71) | (21, 81) | (51, 79) | (37, 68) | (27, 28) | (24, 3) | (92, 76) | (64, 92) | (83, 50) | (95, 70) | (3, 30) | (40, 53) | (76, 21) | (98, 63) | (75, 88) | (64, 99) | (66, 16)
((93, 28), (45, 49), (92, 46)) | (45, 80) | (89, 79) | (83, 51) | (10, 52) | (30, 69) | (41, 46) | (71, 32) | (76, 10) | (48, 20) | (88, 48) | (1, 4) | (39, 26) | (41, 26) | (41, 53) | (89, 99) | (86, 32) | (12, 96) | (48, 81) | (10, 13) | (27, 18) | (66, 95) | (29, 47) | (45, 77) | (87, 28) | (57, 26) | (39, 27) | (10, 16) | (44, 72) | (30, 36) | (2, 43) | (28, 63) | (79, 73) | (72, 4) | (90, 83) | (94, 60) | (50, 84) | (95, 69) | (62, 78) | (88, 72) | (95, 79) | (6, 23) | (50, 5) | (75, 95) | (69, 4) | (55, 83) | (20, 73) | (68, 19) | (67, 92) | (17, 41) | (4, 12)
((14, 25), (19, 66), (33, 46)) | (64, 6) | (29, 49) | (48, 95) | (71, 21) | (45, 2) | (98, 46) | (55, 39) | (66, 48) | (80, 80) | (43, 66) | (73, 81) | (99, 28) | (54, 56) | (29, 18) | (6, 78) | (42, 82) | (34, 49) | (14, 30) | (82, 70) | (58, 11) | (23, 43) | (30, 68) | (92, 19) | (7, 18) | (48, 31) | (17, 52) | (67, 28) | (18, 44) | (0, 48) | (89, 20) | (96, 16) | (43, 96) | (28, 50) | (32, 89) | (29, 73) | (50, 42) | (33, 18) | (68, 98) | (27, 69) | (59, 21) | (43, 47) | (46, 49) | (56, 5) | (26, 48) | (77, 63) | (7, 72) | (39, 86) | (68, 21) | (21, 39) | (45, 87)
((9, 27), (97, 40), (23, 49)) | (21, 97) | (36, 45) | (55, 22) | (74, 46) | (30, 26) | (12, 66) | (71, 14) | (23, 0) | (68, 93) | (99, 23) | (71, 86) | (11, 44) | (33, 42) | (84, 36) | (61, 12) | (66, 41) | (41, 90) | (88, 45) | (39, 76) | (50, 34) | (63, 57) | (28, 14) | (62, 12) | (19, 8) | (7, 86) | (70, 77) | (16, 69) | (33, 56) | (60, 67) | (94, 45) | (4, 30) | (50, 12) | (9, 34) | (16, 71) | (70, 59) | (59, 86) | (43, 90) | (18, 54) | (2, 9) | (36, 23) | (44, 88) | (14, 4) | (64, 4) | (27, 14) | (44, 13) | (1, 15) | (45, 98) | (75, 66) | (69, 20) | (24, 64)
((78, 40), (68, 75), (81, 68)) | (51, 31) | (81, 38) | (92, 29) | (6, 68) | (53, 52) | (66, 6) | (77, 62) | (79, 56) | (68, 92) | (81, 40) | (28, 20) | (71, 50) | (56, 93) | (30, 25) | (1, 14) | (65, 60) | (69, 22) | (48, 61) | (73, 73) | (61, 15) | (88, 0) | (99, 9) | (53, 78) | (53, 95) | (99, 85) | (77, 48) | (58, 18) | (18, 34) | (14, 80) | (5, 3) | (95, 54) | (48, 51) | (16, 37) | (21, 60) | (48, 97) | (20, 21) | (18, 19) | (50, 44) | (40, 47) | (70, 8) | (3, 31) | (76, 77) | (73, 93) | (69, 84) | (23, 59) | (57, 12) | (60, 57) | (14, 94) | (20, 67) | (29, 33)
((68, 49), (58, 35), (34, 48)) | (29, 80) | (85, 27) | (59, 3) | (48, 72) | (73, 89) | (79, 67) | (34, 71) | (26, 13) | (53, 70) | (25, 70) | (8, 96) | (3, 76) | (39, 27) | (33, 75) | (50, 62) | (39, 35) | (59, 32) | (74, 49) | (7, 0) | (55, 94) | (16, 80) | (17, 68) | (30, 89) | (82, 62) | (20, 36) | (6, 2) | (69, 4) | (82, 4) | (74, 1) | (62, 59) | (75, 44) | (19, 99) | (16, 30) | (14, 72) | (44, 82) | (94, 14) | (71, 49) | (7, 14) | (58, 27) | (56, 52) | (52, 53) | (20, 45) | (39, 64) | (70, 20) | (81, 73) | (78, 84) | (54, 90) | (73, 83) | (99, 88) | (71, 15)
((38, 38), (24, 74), (49, 96)) | (69, 2) | (63, 69) | (51, 1) | (86, 22) | (20, 92) | (57, 49) | (20, 82) | (14, 85) | (77, 62) | (94, 38) | (31, 9) | (47, 15) | (74, 18) | (57, 38) | (94, 1) | (46, 57) | (71, 75) | (78, 80) | (47, 42) | (13, 16) | (80, 57) | (25, 2) | (87, 45) | (8, 78) | (43, 30) | (40, 76) | (67, 16) | (79, 60) | (71, 39) | (45, 46) | (37, 70) | (63, 30) | (77, 58) | (5, 99) | (57, 15) | (92, 4) | (81, 78) | (60, 78) | (36, 82) | (83, 85) | (64, 7) | (85, 15) | (77, 17) | (55, 65) | (10, 31) | (33, 98) | (30, 35) | (3, 56) | (11, 32) | (25, 45)
((26, 4), (56, 86), (42, 49)) | (94, 38) | (33, 57) | (15, 70) | (63, 76) | (61, 43) | (14, 51) | (43, 59) | (39, 72) | (85, 99) | (25, 83) | (16, 64) | (28, 62) | (55, 50) | (94, 98) | (65, 98) | (91, 28) | (80, 33) | (23, 28) | (44, 47) | (37, 32) | (80, 7) | (39, 54) | (83, 82) | (90, 42) | (99, 35) | (56, 98) | (98, 65) | (80, 22) | (94, 88) | (64, 11) | (8, 6) | (72, 74) | (34, 73) | (57, 53) | (88, 22) | (84, 38) | (80, 9) | (61, 81) | (10, 52) | (82, 89) | (6, 59) | (57, 34) | (36, 94) | (45, 93) | (76, 32) | (77, 39) | (33, 27) | (75, 72) | (29, 81) | (19, 63)
((95, 41), (44, 81), (59, 52)) | (72, 89) | (41, 10) | (53, 27) | (37, 49) | (1, 81) | (36, 96) | (64, 7) | (33, 84) | (99, 57) | (9, 71) | (48, 65) | (72, 27) | (50, 48) | (3, 4) | (21, 35) | (63, 0) | (33, 82) | (10, 16) | (34, 54) | (74, 83) | (90, 3) | (32, 63) | (58, 99) | (71, 14) | (18, 34) | (92, 52) | (7, 35) | (35, 45) | (87, 76) | (44, 90) | (46, 1) | (14, 94) | (0, 72) | (99, 52) | (47, 10) | (50, 69) | (42, 40) | (70, 82) | (38, 92) | (11, 52) | (54, 91) | (82, 91) | (26, 36) | (23, 67) | (49, 0) | (19, 84) | (85, 44) | (68, 81) | (13, 58) | (7, 86)
((16, 66), (64, 50), (64, 67)) | (96, 71) | (29, 72) | (52, 67) | (91, 34) | (55, 71) | (66, 83) | (47, 13) | (71, 18) | (85, 3) | (13, 38) | (50, 10) | (46, 54) | (66, 70) | (73, 28) | (38, 4) | (53, 7) | (94, 37) | (32, 13) | (86, 97) | (16, 77) | (56, 40) | (21, 9) | (82, 35) | (49, 57) | (76, 57) | (4, 5) | (15, 78) | (78, 80) | (76, 68) | (75, 42) | (71, 7) | (17, 98) | (55, 59) | (86, 33) | (71, 61) | (5, 93) | (67, 68) | (63, 56) | (91, 80) | (43, 84) | (56, 14) | (42, 78) | (66, 84) | (18, 72) | (91, 15) | (90, 32) | (75, 72) | (3, 40) | (83, 76) | (74, 14)
((54, 23), (18, 56), (88, 50)) | (95, 3) | (8, 93) | (86, 9) | (74, 75) | (65, 36) | (51, 11) | (12, 48) | (58, 96) | (22, 30) | (21, 6) | (19, 84) | (97, 14) | (62, 26) | (98, 46) | (41, 57) | (42, 25) | (57, 26) | (52, 64) | (36, 87) | (72, 97) | (40, 27) | (93, 4) | (97, 13) | (27, 16) | (66, 0) | (92, 52) | (7, 5) | (90, 45) | (23, 89) | (44, 18) | (36, 55) | (74, 10) | (74, 83) | (68, 56) | (64, 98) | (17, 38) | (6, 17) | (1, 12) | (17, 30) | (17, 40) | (70, 61) | (56, 36) | (15, 46) | (95, 18) | (75, 29) | (71, 67) | (94, 28) | (31, 52) | (98, 85) | (8, 29)
((99, 85), (12, 5), (95, 27)) | (80, 69) | (31, 78) | (85, 63) | (37, 92) | (76, 84) | (1, 98) | (94, 57) | (7, 84) | (35, 9) | (19, 18) | (51, 13) | (64, 84) | (37, 79) | (52, 18) | (69, 13) | (43, 43) | (54, 86) | (43, 69) | (49, 26) | (87, 59) | (71, 81) | (74, 49) | (25, 14) | (78, 87) | (57, 95) | (79, 65) | (6, 16) | (48, 76) | (36, 34) | (23, 87) | (22, 69) | (41, 12) | (73, 65) | (45, 22) | (51, 73) | (30, 19) | (0, 89) | (42, 69) | (28, 94) | (1, 40) | (51, 24) | (76, 79) | (77, 49) | (23, 84) | (17, 29) | (88, 64) | (45, 42) | (89, 93) | (44, 18) | (13, 15)
((6, 92), (47, 95), (44, 15)) | (8, 62) | (46, 53) | (2, 80) | (62, 29) | (84, 83) | (48, 62) | (32, 63) | (85, 20) | (25, 11) | (49, 87) | (30, 23) | (0, 58) | (12, 92) | (1, 98) | (16, 96) | (96, 55) | (37, 7) | (48, 49) | (67, 1) | (42, 67) | (52, 22) | (95, 50) | (90, 5) | (56, 81) | (87, 90) | (88, 61) | (29, 56) | (82, 33) | (57, 76) | (31, 3) | (20, 63) | (48, 83) | (85, 71) | (33, 61) | (29, 43) | (37, 23) | (99, 67) | (8, 29) | (45, 41) | (5, 74) | (90, 74) | (79, 40) | (45, 76) | (66, 86) | (27, 67) | (76, 1) | (65, 82) | (36, 22) | (60, 18) | (24, 10)
((20, 58), (34, 20), (21, 73)) | (15, 40) | (92, 62) | (51, 76) | (63, 55) | (75, 60) | (70, 15) | (78, 31) | (62, 30) | (40, 84) | (55, 74) | (78, 72) | (78, 5) | (29, 58) | (46, 0) | (37, 60) | (70, 35) | (64, 8) | (71, 55) | (67, 18) | (6, 64) | (28, 69) | (2, 0) | (22, 36) | (74, 57) | (39, 14) | (47, 1) | (58, 85) | (42, 89) | (22, 32) | (78, 2) | (34, 62) | (17, 82) | (92, 38) | (88, 13) | (18, 40) | (70, 12) | (54, 98) | (23, 69) | (95, 38) | (65, 50) | (90, 6) | (54, 34) | (29, 71) | (52, 54) | (89, 25) | (69, 65) | (23, 32) | (10, 62) | (92, 45) | (28, 53)
((71, 36), (6, 34), (99, 93)) | (72, 27) | (49, 30) | (16, 83) | (91, 83) | (94, 7) | (19, 70) | (84, 22) | (68, 51) | (50, 32) | (99, 94) | (15, 59) | (5, 22) | (44, 16) | (35, 40) | (4, 77) | (88, 83) | (48, 28) | (5, 77) | (67, 25) | (90, 39) | (67, 17) | (2, 13) | (29, 86) | (6, 78) | (95, 74) | (39, 90) | (26, 83) | (6, 1) | (20, 89) | (45, 69) | (74, 26) | (61, 33) | (68, 26) | (28, 46) | (40, 71) | (80, 48) | (5, 76) | (7, 39) | (77, 30) | (5, 3) | (88, 45) | (14, 62) | (91, 89) | (41, 38) | (94, 63) | (88, 47) | (71, 75) | (66, 97) | (72, 80) | (60, 26)
((95, 30), (60, 21), (42, 50)) | (13, 64) | (99, 17) | (28, 12) | (67, 83) | (45, 97) | (54, 72) | (25, 21) | (24, 54) | (77, 26) | (48, 42) | (64, 2) | (0, 3) | (40, 71) | (32, 22) | (83, 64) | (66, 11) | (9, 35) | (84, 0) | (26, 9) | (74, 31) | (56, 16) | (58, 10) | (36, 23) | (77, 31) | (33, 44) | (49, 82) | (83, 7) | (65, 75) | (78, 22) | (21, 44) | (29, 39) | (83, 9) | (25, 4) | (99, 25) | (65, 40) | (26, 10) | (11, 83) | (24, 45) | (14, 84) | (68, 9) | (18, 92) | (61, 95) | (24, 62) | (51, 90) | (91, 55) | (11, 38) | (18, 91) | (56, 99) | (87, 49) | (62, 6)
((15, 71), (89, 48), (11, 34)) | (33, 18) | (48, 41) | (96, 34) | (70, 3) | (56, 28) | (51, 39) | (71, 91) | (99, 30) | (14, 87) | (35, 19) | (32, 45) | (45, 41) | (20, 24) | (68, 71) | (24, 66) | (73, 43) | (0, 56) | (80, 43) | (93, 74) | (35, 14) | (40, 32) | (50, 11) | (9, 96) | (9, 1) | (36, 59) | (45, 3) | (53, 20) | (90, 80) | (45, 34) | (66, 37) | (24, 60) | (90, 38) | (99, 13) | (68, 58) | (28, 26) | (68, 63) | (49, 96) | (49, 74) | (9, 2) | (73, 50) | (65, 42) | (79, 3) | (33, 65) | (33, 73) | (31, 16) | (40, 50) | (63, 84) | (64, 92) | (61, 87) | (20, 31)
((77, 62), (98, 73), (37, 86)) | (57, 81) | (88, 17) | (32, 89) | (81, 38) | (71, 65) | (60, 81) | (49, 44) | (12, 70) | (72, 56) | (54, 92) | (64, 5) | (66, 79) | (93, 96) | (99, 87) | (50, 98) | (63, 44) | (26, 5) | (3, 35) | (59, 4) | (22, 38) | (51, 8) | (98, 49) | (90, 23) | (33, 69) | (99, 35) | (44, 48) | (90, 5) | (63, 74) | (68, 13) | (39, 24) | (35, 74) | (84, 51) | (84, 17) | (19, 33) | (20, 44) | (3, 67) | (42, 71) | (19, 62) | (29, 87) | (94, 98) | (8, 88) | (79, 85) | (10, 98) | (29, 92) | (95, 84) | (77, 83) | (97, 21) | (27, 98) | (72, 60) | (77, 86)
((84, 65), (16, 56), (38, 66)) | (63, 1) | (17, 4) | (58, 90) | (55, 61) | (97, 33) | (74, 67) | (69, 78) | (41, 16) | (33, 46) | (75, 30) | (97, 26) | (10, 70) | (38, 75) | (57, 20) | (2, 56) | (37, 62) | (5, 84) | (43, 39) | (80, 86) | (51, 39) | (87, 85) | (93, 3) | (80, 93) | (31, 27) | (95, 13) | (51, 53) | (84, 4) | (67, 29) | (46, 91) | (45, 82) | (33, 11) | (50, 41) | (20, 17) | (84, 58) | (62, 52) | (91, 5) | (64, 24) | (33, 33) | (56, 54) | (32, 34) | (6, 43) | (75, 27) | (15, 12) | (86, 44) | (86, 83) | (40, 2) | (39, 1) | (76, 68) | (20, 47) | (18, 21)
((55, 73), (99, 6), (0, 55)) | (29, 38) | (60, 68) | (94, 45) | (11, 15) | (3, 48) | (24, 81) | (15, 0) | (97, 68) | (29, 76) | (35, 40) | (54, 15) | (12, 31) | (10, 20) | (43, 59) | (58, 28) | (1, 40) | (1, 82) | (32, 26) | (49, 86) | (31, 92) | (38, 77) | (80, 69) | (9, 28) | (59, 71) | (84, 23) | (13, 77) | (63, 1) | (47, 1) | (0, 82) | (11, 81) | (18, 47) | (95, 49) | (63, 77) | (62, 7) | (64, 93) | (31, 72) | (67, 79) | (12, 91) | (91, 17) | (18, 9) | (41, 98) | (17, 68) | (45, 22) | (59, 34) | (76, 27) | (93, 30) | (43, 36) | (93, 99) | (75, 23) | (35, 20)
((75, 49), (96, 91), (29, 21)) | (50, 13) | (63, 73) | (38, 80) | (73, 50) | (50, 91) | (70, 70) | (22, 83) | (95, 37) | (96, 14) | (70, 53) | (9, 80) | (79, 96) | (95, 17) | (60, 5) | (2, 93) | (13, 93) | (50, 76) | (48, 59) | (50, 81) | (81, 24) | (62, 37) | (35, 53) | (87, 9) | (30, 75) | (48, 32) | (18, 25) | (86, 98) | (22, 19) | (2, 87) | (14, 87) | (71, 29) | (55, 21) | (83, 6) | (75, 73) | (58, 45) | (20, 22) | (56, 1) | (96, 98) | (69, 61) | (99, 35) | (38, 65) | (71, 78) | (20, 77) | (66, 20) | (33, 9) | (9, 94) | (4, 47) | (76, 74) | (51, 28) | (28, 91)
((71, 29), (37, 23), (93, 59)) | (69, 83) | (97, 88) | (50, 65) | (52, 2) | (50, 26) | (53, 47) | (93, 32) | (14, 94) | (32, 85) | (86, 94) | (6, 38) | (41, 37) | (9, 8) | (67, 74) | (63, 58) | (34, 16) | (55, 80) | (49, 27) | (55, 16) | (3, 24) | (65, 10) | (58, 85) | (1, 89) | (91, 78) | (52, 70) | (82, 64) | (4, 77) | (47, 84) | (41, 57) | (98, 94) | (20, 58) | (86, 40) | (27, 55) | (67, 35) | (72, 21) | (3, 36) | (48, 76) | (34, 62) | (34, 49) | (90, 82) | (36, 87) | (92, 47) | (13, 83) | (35, 37) | (98, 95) | (94, 53) | (60, 25) | (12, 1) | (31, 17) | (45, 9)
((11, 37), (19, 53), (92, 21)) | (29, 4) | (82, 54) | (93, 74) | (78, 58) | (66, 52) | (25, 16) | (87, 20) | (98, 88) | (76, 14) | (38, 89) | (14, 76) | (78, 36) | (3, 91) | (40, 18) | (20, 51) | (73, 68) | (79, 5) | (78, 53) | (53, 20) | (81, 96) | (20, 50) | (64, 64) | (93, 0) | (5, 23) | (36, 37) | (15, 33) | (43, 6) | (44, 27) | (69, 8) | (80, 32) | (61, 63) | (38, 10) | (47, 88) | (93, 64) | (57, 36) | (31, 68) | (7, 4) | (41, 87) | (39, 46) | (59, 73) | (28, 50) | (44, 2) | (44, 46) | (94, 42) | (32, 32) | (66, 23) | (80, 58) | (8, 37) | (36, 53) | (51, 8)
((35, 36), (11, 13), (15, 96)) | (46, 47) | (80, 81) | (23, 68) | (46, 71) | (41, 61) | (27, 11) | (97, 73) | (55, 6) | (28, 2) | (4, 53) | (15, 31) | (0, 84) | (13, 2) | (34, 90) | (90, 69) | (42, 40) | (86, 70) | (69, 26) | (71, 22) | (18, 4) | (74, 47) | (3, 78) | (90, 12) | (98, 22) | (13, 99) | (45, 15) | (77, 60) | (0, 43) | (82, 42) | (62, 50) | (75, 14) | (79, 11) | (56, 38) | (66, 68) | (60, 28) | (0, 90) | (71, 80) | (10, 25) | (10, 85) | (37, 15) | (88, 30) | (45, 30) | (57, 76) | (67, 89) | (84, 85) | (98, 76) | (89, 97) | (64, 48) | (55, 95) | (6, 85)
((93, 95), (4, 89), (41, 38)) | (83, 18) | (45, 60) | (19, 96) | (37, 5) | (13, 69) | (98, 47) | (74, 15) | (22, 30) | (58, 8) | (54, 8) | (28, 21) | (11, 10) | (68, 29) | (3, 49) | (80, 78) | (97, 15) | (86, 74) | (27, 95) | (0, 57) | (21, 75) | (41, 69) | (91, 99) | (91, 25) | (88, 16) | (43, 23) | (72, 69) | (32, 25) | (24, 9) | (7, 41) | (61, 92) | (18, 94) | (55, 20) | (17, 79) | (73, 56) | (20, 87) | (47, 60) | (71, 93) | (75, 36) | (65, 91) | (31, 80) | (22, 39) | (90, 93) | (2, 96) | (54, 26) | (64, 48) | (59, 99) | (10, 95) | (95, 27) | (93, 5) | (13, 72)
((21, 82), (22, 38), (82, 82)) | (46, 33) | (95, 26) | (32, 1) | (47, 55) | (25, 87) | (67, 89) | (79, 1) | (78, 73) | (74, 58) | (33, 20) | (61, 11) | (84, 26) | (65, 84) | (44, 50) | (18, 42) | (22, 23) | (40, 78) | (45, 77) | (82, 51) | (76, 97) | (72, 35) | (30, 80) | (59, 47) | (28, 45) | (83, 12) | (54, 76) | (8, 70) | (39, 62) | (4, 54) | (13, 35) | (54, 40) | (1, 23) | (62, 75) | (78, 56) | (32, 30) | (40, 20) | (2, 15) | (98, 92) | (37, 20) | (50, 54) | (91, 14) | (82, 53) | (65, 1) | (42, 64) | (69, 45) | (81, 17) | (49, 40) | (7, 85) | (85, 56) | (56, 89)
((31, 6), (63, 41), (42, 54)) | (85, 20) | (66, 90) | (32, 46) | (58, 9) | (81, 17) | (24, 16) | (92, 3) | (18, 53) | (95, 67) | (26, 37) | (34, 12) | (48, 10) | (58, 67) | (70, 98) | (2, 37) | (96, 84) | (50, 97) | (57, 43) | (0, 20) | (50, 58) | (64, 96) | (62, 66) | (68, 64) | (66, 69) | (1, 48) | (89, 70) | (17, 50) | (38, 1) | (1, 45) | (1, 72) | (7, 83) | (81, 49) | (94, 1) | (94, 69) | (57, 81) | (13, 23) | (8, 4) | (54, 98) | (19, 52) | (41, 48) | (70, 6) | (28, 33) | (55, 8) | (79, 47) | (47, 11) | (89, 9) | (24, 65) | (71, 72) | (41, 64) | (37, 51)
((32, 55), (91, 78), (16, 21)) | (28, 6) | (57, 16) | (25, 82) | (22, 8) | (57, 50) | (91, 9) | (75, 12) | (19, 71) | (51, 57) | (61, 93) | (88, 91) | (57, 22) | (13, 42) | (21, 15) | (80, 43) | (7, 27) | (2, 40) | (9, 33) | (82, 12) | (44, 90) | (81, 55) | (42, 45) | (2, 46) | (72, 48) | (93, 72) | (33, 29) | (65, 75) | (27, 19) | (65, 4) | (36, 32) | (37, 96) | (99, 59) | (31, 44) | (0, 17) | (92, 25) | (80, 56) | (40, 80) | (27, 30) | (9, 64) | (28, 52) | (37, 74) | (13, 71) | (66, 94) | (61, 78) | (98, 34) | (65, 12) | (98, 39) | (22, 62) | (15, 69) | (16, 63)
((67, 91), (58, 64), (82, 50)) | (77, 68) | (88, 57) | (54, 41) | (10, 31) | (29, 28) | (2, 20) | (11, 4) | (13, 27) | (87, 94) | (75, 31) | (9, 14) | (19, 17) | (85, 91) | (92, 87) | (6, 37) | (80, 84) | (6, 71) | (11, 82) | (85, 45) | (21, 43) | (26, 64) | (68, 39) | (85, 25) | (74, 99) | (63, 3) | (41, 89) | (94, 26) | (64, 92) | (68, 70) | (16, 90) | (8, 64) | (62, 28) | (5, 89) | (48, 27) | (28, 68) | (37, 31) | (5, 81) | (23, 41) | (32, 79) | (90, 91) | (32, 23) | (82, 81) | (92, 71) | (57, 97) | (96, 63) | (17, 65) | (31, 51) | (36, 82) | (12, 21) | (79, 15)
((21, 72), (95, 34), (7, 7)) | (54, 21) | (46, 34) | (82, 21) | (32, 2) | (20, 54) | (26, 49) | (33, 39) | (66, 92) | (47, 4) | (66, 23) | (83, 33) | (64, 26) | (81, 45) | (2, 78) | (38, 94) | (55, 47) | (81, 91) | (92, 48) | (39, 29) | (28, 98) | (67, 27) | (97, 75) | (16, 22) | (63, 79) | (21, 78) | (95, 27) | (48, 33) | (55, 85) | (14, 70) | (25, 32) | (57, 24) | (77, 87) | (67, 36) | (62, 11) | (39, 23) | (57, 68) | (58, 63) | (79, 83) | (3, 23) | (29, 86) | (83, 51) | (61, 61) | (21, 4) | (60, 68) | (36, 35) | (22, 78) | (30, 39) | (45, 47) | (62, 12) | (89, 6)
((18, 90), (32, 10), (24, 21)) | (24, 84) | (73, 69) | (77, 86) | (5, 33) | (36, 3) | (30, 47) | (98, 55) | (83, 60) | (94, 66) | (77, 51) | (85, 1) | (94, 97) | (80, 74) | (61, 15) | (60, 97) | (33, 16) | (17, 73) | (78, 66) | (0, 13) | (9, 39) | (13, 13) | (34, 42) | (80, 0) | (95, 98) | (65, 98) | (45, 0) | (67, 50) | (61, 26) | (22, 3) | (41, 82) | (66, 54) | (23, 66) | (52, 27) | (33, 70) | (71, 39) | (43, 92) | (36, 67) | (97, 22) | (19, 65) | (5, 32) | (73, 85) | (9, 28) | (28, 65) | (60, 7) | (92, 82) | (56, 82) | (46, 81) | (84, 94) | (5, 5) | (75, 76)
((48, 14), (57, 44), (65, 25)) | (99, 6) | (80, 68) | (29, 75) | (21, 87) | (60, 57) | (15, 27) | (40, 78) | (45, 3) | (53, 37) | (14, 35) | (56, 15) | (42, 43) | (81, 90) | (79, 17) | (26, 55) | (55, 47) | (97, 92) | (18, 87) | (78, 99) | (14, 97) | (33, 60) | (68, 87) | (85, 77) | (29, 77) | (83, 51) | (94, 81) | (6, 95) | (48, 72) | (78, 80) | (33, 87) | (22, 49) | (52, 82) | (52, 80) | (60, 35) | (52, 45) | (54, 71) | (64, 96) | (52, 33) | (89, 16) | (76, 18) | (12, 69) | (96, 13) | (8, 41) | (88, 51) | (92, 70) | (9, 39) | (17, 10) | (24, 19) | (58, 54) | (52, 2)
((91, 57), (89, 98), (47, 25)) | (2, 25) | (57, 32) | (86, 21) | (57, 22) | (37, 49) | (9, 41) | (51, 26) | (41, 57) | (12, 69) | (46, 62) | (19, 22) | (86, 80) | (70, 8) | (32, 32) | (53, 96) | (10, 9) | (77, 38) | (51, 80) | (21, 30) | (82, 70) | (76, 70) | (65, 55) | (11, 95) | (70, 31) | (14, 95) | (7, 70) | (10, 85) | (90, 52) | (29, 91) | (38, 93) | (0, 43) | (48, 34) | (25, 20) | (1, 10) | (43, 70) | (91, 81) | (52, 75) | (55, 18) | (4, 60) | (98, 70) | (51, 95) | (72, 98) | (31, 31) | (22, 12) | (90, 87) | (50, 66) | (22, 11) | (96, 72) | (59, 46) | (73, 62)
((19, 78), (93, 87), (76, 98)) | (49, 40) | (41, 59) | (47, 98) | (20, 40) | (1, 99) | (43, 93) | (62, 98) | (56, 63) | (69, 62) | (46, 48) | (27, 42) | (80, 91) | (70, 79) | (29, 2) | (56, 60) | (81, 51) | (51, 86) | (78, 40) | (37, 1) | (52, 39) | (90, 97) | (93, 70) | (54, 81) | (47, 51) | (86, 24) | (97, 12) | (65, 69) | (67, 60) | (53, 76) | (76, 69) | (92, 63) | (98, 13) | (72, 20) | (2, 5) | (14, 71) | (63, 84) | (60, 21) | (50, 36) | (47, 61) | (16, 86) | (52, 2) | (34, 99) | (4, 12) | (84, 66) | (93, 71) | (7, 81) | (40, 38) | (27, 33) | (73, 78) | (11, 75)
((40, 95), (89, 49), (41, 60)) | (81, 63) | (84, 55) | (67, 58) | (67, 0) | (5, 16) | (35, 1) | (74, 66) | (3, 88) | (8, 28) | (79, 85) | (73, 36) | (68, 99) | (65, 59) | (26, 8) | (78, 78) | (98, 75) | (36, 3) | (45, 44) | (46, 27) | (53, 60) | (97, 42) | (88, 73) | (20, 29) | (50, 54) | (74, 74) | (50, 41) | (31, 1) | (81, 41) | (10, 21) | (78, 52) | (48, 75) | (62, 12) | (1, 20) | (72, 72) | (32, 73) | (59, 98) | (85, 4) | (98, 86) | (73, 0) | (8, 36) | (48, 32) | (34, 74) | (2, 22) | (26, 50) | (70, 97) | (93, 46) | (26, 88) | (98, 56) | (15, 29) | (83, 46)
((24, 5), (75, 43), (85, 42)) | (88, 35) | (12, 22) | (71, 92) | (41, 94) | (62, 94) | (53, 85) | (16, 57) | (34, 45) | (65, 17) | (73, 95) | (51, 23) | (46, 63) | (63, 84) | (64, 42) | (48, 7) | (10, 9) | (94, 33) | (63, 52) | (93, 0) | (4, 18) | (87, 58) | (64, 1) | (75, 18) | (86, 21) | (65, 16) | (16, 3) | (64, 47) | (92, 71) | (25, 65) | (90, 2) | (9, 10) | (61, 55) | (0, 12) | (82, 54) | (6, 78) | (3, 45) | (40, 69) | (42, 99) | (71, 57) | (59, 73) | (63, 94) | (76, 94) | (1, 93) | (71, 64) | (26, 22) | (89, 23) | (47, 86) | (13, 78) | (70, 10) | (38, 42)
((67, 95), (15, 0), (18, 55)) | (51, 37) | (90, 39) | (26, 26) | (41, 85) | (11, 91) | (35, 6) | (71, 52) | (9, 4) | (38, 55) | (49, 12) | (88, 35) | (18, 92) | (50, 84) | (70, 76) | (62, 30) | (64, 50) | (73, 35) | (14, 88) | (9, 10) | (46, 65) | (51, 81) | (3, 58) | (19, 6) | (37, 5) | (92, 19) | (89, 82) | (92, 20) | (13, 24) | (9, 43) | (79, 72) | (71, 31) | (87, 40) | (63, 64) | (48, 3) | (0, 94) | (22, 35) | (23, 25) | (1, 94) | (2, 46) | (54, 55) | (16, 26) | (31, 73) | (34, 16) | (11, 22) | (80, 38) | (31, 23) | (61, 17) | (97, 72) | (55, 90) | (51, 69)
((60, 93), (8, 37), (98, 69)) | (91, 56) | (71, 79) | (49, 11) | (78, 50) | (88, 5) | (44, 11) | (80, 95) | (21, 22) | (20, 40) | (2, 83) | (84, 31) | (23, 15) | (94, 40) | (25, 63) | (29, 5) | (5, 90) | (54, 86) | (39, 37) | (18, 85) | (59, 85) | (53, 85) | (4, 93) | (25, 64) | (77, 56) | (90, 6) | (60, 73) | (8, 67) | (59, 75) | (58, 0) | (2, 40) | (52, 49) | (83, 99) | (13, 33) | (75, 52) | (66, 31) | (50, 6) | (50, 13) | (74, 33) | (10, 53) | (46, 85) | (63, 91) | (62, 88) | (50, 14) | (27, 12) | (98, 62) | (60, 7) | (33, 48) | (89, 4) | (60, 17) | (39, 59)
((39, 90), (98, 90), (66, 48)) | (31, 47) | (67, 30) | (17, 63) | (95, 89) | (51, 5) | (17, 73) | (41, 86) | (72, 16) | (77, 84) | (42, 57) | (98, 73) | (13, 20) | (80, 87) | (86, 83) | (59, 64) | (26, 12) | (62, 9) | (70, 45) | (40, 69) | (37, 44) | (86, 3) | (95, 19) | (61, 33) | (70, 64) | (54, 93) | (12, 84) | (23, 7) | (90, 15) | (64, 47) | (20, 86) | (91, 95) | (6, 31) | (24, 82) | (0, 22) | (29, 53) | (90, 82) | (17, 42) | (96, 5) | (78, 74) | (77, 96) | (27, 37) | (27, 14) | (34, 95) | (5, 3) | (99, 4) | (19, 92) | (86, 93) | (55, 2) | (2, 29) | (92, 53)
((78, 62), (63, 2), (66, 87)) | (93, 42) | (4, 53) | (67, 17) | (13, 74) | (70, 19) | (99, 0) | (85, 2) | (84, 77) | (2, 12) | (18, 16) | (7, 74) | (19, 3) | (2, 78) | (39, 3) | (97, 84) | (51, 36) | (94, 87) | (19, 54) | (7, 58) | (57, 28) | (33, 18) | (27, 84) | (97, 44) | (52, 86) | (39, 68) | (12, 48) | (28, 60) | (57, 72) | (79, 27) | (15, 20) | (38, 19) | (43, 91) | (31, 32) | (60, 44) | (92, 84) | (25, 99) | (93, 20) | (87, 42) | (1, 2) | (62, 65) | (89, 18) | (78, 94) | (73, 54) | (68, 11) | (27, 14) | (78, 79) | (12, 5) | (74, 80) | (50, 23) | (12, 19)
((49, 8), (7, 37), (96, 84)) | (54, 53) | (54, 74) | (14, 83) | (72, 77) | (46, 70) | (77, 25) | (57, 65) | (67, 43) | (46, 26) | (4, 86) | (67, 1) | (50, 23) | (75, 62) | (93, 27) | (94, 19) | (87, 94) | (64, 14) | (85, 19) | (83, 19) | (87, 18) | (34, 12) | (28, 49) | (17, 43) | (95, 79) | (57, 53) | (0, 18) | (65, 72) | (91, 20) | (39, 95) | (12, 62) | (99, 37) | (68, 88) | (40, 13) | (59, 88) | (40, 34) | (60, 23) | (97, 48) | (0, 5) | (22, 42) | (58, 85) | (4, 38) | (93, 51) | (96, 44) | (24, 66) | (49, 43) | (26, 80) | (99, 43) | (74, 71) | (1, 40) | (7, 73)
((29, 95), (39, 28), (53, 34)) | (25, 62) | (70, 74) | (22, 5) | (74, 22) | (78, 32) | (35, 0) | (70, 43) | (83, 23) | (94, 49) | (59, 65) | (45, 84) | (16, 35) | (24, 87) | (14, 76) | (64, 51) | (81, 34) | (43, 52) | (3, 77) | (82, 24) | (85, 7) | (48, 63) | (33, 92) | (10, 16) | (17, 31) | (76, 22) | (83, 16) | (97, 57) | (60, 72) | (30, 40) | (71, 93) | (16, 86) | (80, 34) | (95, 12) | (29, 46) | (40, 16) | (39, 72) | (34, 73) | (36, 42) | (48, 62) | (2, 4) | (86, 76) | (43, 1) | (24, 82) | (99, 62) | (43, 63) | (50, 85) | (75, 7) | (22, 55) | (76, 24) | (38, 33)
((46, 40), (4, 19), (38, 91)) | (59, 31) | (1, 40) | (86, 79) | (13, 12) | (73, 74) | (33, 16) | (20, 28) | (45, 9) | (5, 94) | (87, 9) | (13, 81) | (23, 45) | (9, 27) | (7, 85) | (21, 59) | (79, 13) | (34, 87) | (12, 13) | (5, 38) | (47, 1) | (64, 5) | (7, 50) | (46, 48) | (61, 48) | (26, 65) | (75, 80) | (73, 24) | (79, 2) | (5, 64) | (50, 31) | (3, 34) | (80, 64) | (9, 35) | (35, 70) | (55, 17) | (49, 43) | (16, 80) | (39, 80) | (81, 44) | (39, 77) | (70, 74) | (18, 13) | (7, 70) | (82, 53) | (69, 83) | (44, 72) | (31, 4) | (33, 59) | (90, 5) | (14, 20)
((68, 55), (23, 44), (91, 39)) | (79, 26) | (96, 6) | (25, 4) | (22, 11) | (27, 92) | (91, 16) | (37, 28) | (10, 30) | (39, 5) | (19, 86) | (47, 66) | (17, 52) | (51, 18) | (62, 9) | (53, 63) | (80, 59) | (88, 20) | (96, 43) | (96, 3) | (47, 98) | (84, 40) | (87, 52) | (36, 38) | (53, 24) | (70, 69) | (60, 66) | (33, 50) | (81, 96) | (25, 15) | (70, 8) | (11, 29) | (95, 21) | (29, 46) | (31, 94) | (23, 15) | (14, 65) | (52, 54) | (85, 83) | (88, 6) | (64, 18) | (59, 1) | (56, 31) | (43, 24) | (58, 89) | (10, 75) | (83, 23) | (67, 67) | (5, 53) | (59, 51) | (36, 6)
((13, 50), (44, 90), (11, 67)) | (34, 20) | (64, 20) | (8, 24) | (60, 3) | (72, 88) | (65, 3) | (2, 63) | (73, 78) | (51, 6) | (34, 85) | (30, 53) | (94, 38) | (79, 74) | (24, 31) | (98, 42) | (47, 22) | (96, 16) | (61, 44) | (72, 52) | (51, 32) | (43, 88) | (41, 30) | (76, 15) | (32, 0) | (37, 41) | (69, 18) | (43, 94) | (87, 0) | (35, 15) | (24, 74) | (37, 39) | (57, 34) | (93, 32) | (5, 31) | (8, 59) | (23, 29) | (32, 82) | (48, 81) | (15, 46) | (78, 46) | (31, 39) | (96, 43) | (10, 77) | (30, 93) | (51, 14) | (10, 99) | (34, 35) | (1, 97) | (40, 47) | (30, 95)
((14, 32), (56, 7), (83, 17)) | (75, 35) | (9, 84) | (71, 68) | (66, 34) | (20, 15) | (97, 59) | (51, 82) | (96, 23) | (41, 48) | (70, 78) | (6, 49) | (64, 33) | (33, 5) | (73, 23) | (65, 52) | (83, 34) | (20, 5) | (78, 63) | (98, 47) | (61, 31) | (19, 88) | (64, 57) | (2, 22) | (54, 98) | (40, 98) | (30, 23) | (28, 24) | (2, 11) | (16, 56) | (7, 6) | (79, 99) | (21, 57) | (2, 27) | (30, 22) | (64, 73) | (50, 63) | (29, 91) | (9, 28) | (71, 4) | (82, 90) | (53, 19) | (38, 28) | (74, 82) | (92, 1) | (42, 0) | (68, 1) | (98, 81) | (37, 86) | (25, 85) | (36, 53)
((13, 70), (38, 95), (79, 90)) | (30, 48) | (1, 49) | (43, 86) | (47, 33) | (87, 55) | (66, 22) | (86, 86) | (59, 82) | (24, 30) | (52, 84) | (9, 48) | (11, 27) | (88, 29) | (20, 73) | (52, 60) | (25, 77) | (26, 96) | (26, 23) | (85, 56) | (23, 84) | (67, 19) | (74, 22) | (84, 85) | (0, 52) | (36, 86) | (54, 42) | (45, 70) | (25, 1) | (13, 57) | (17, 2) | (58, 69) | (7, 48) | (76, 26) | (91, 84) | (73, 39) | (8, 96) | (13, 13) | (44, 80) | (34, 48) | (90, 66) | (90, 95) | (1, 23) | (34, 2) | (47, 27) | (92, 74) | (99, 51) | (41, 45) | (38, 68) | (94, 68) | (73, 79)
((19, 9), (64, 63), (23, 41)) | (18, 75) | (49, 90) | (26, 81) | (7, 48) | (70, 96) | (42, 58) | (93, 3) | (86, 32) | (52, 70) | (4, 8) | (61, 7) | (6, 48) | (58, 8) | (82, 33) | (52, 63) | (45, 68) | (11, 63) | (12, 68) | (25, 86) | (10, 12) | (92, 69) | (32, 53) | (80, 10) | (2, 61) | (45, 13) | (16, 11) | (54, 28) | (11, 92) | (92, 16) | (28, 17) | (97, 75) | (7, 83) | (51, 27) | (19, 79) | (87, 30) | (16, 53) | (54, 42) | (45, 9) | (62, 68) | (30, 75) | (51, 73) | (10, 55) | (14, 55) | (98, 88) | (59, 1) | (32, 46) | (33, 31) | (12, 7) | (84, 33) | (60, 73)
((43, 87), (11, 54), (40, 61)) | (9, 72) | (47, 74) | (3, 52) | (99, 38) | (0, 76) | (24, 99) | (3, 35) | (54, 62) | (69, 20) | (91, 97) | (32, 50) | (33, 57) | (25, 47) | (65, 15) | (3, 92) | (71, 47) | (72, 47) | (7, 83) | (90, 71) | (30, 23) | (57, 5) | (17, 4) | (92, 72) | (79, 93) | (45, 83) | (80, 47) | (67, 26) | (8, 78) | (78, 94) | (67, 94) | (38, 76) | (4, 4) | (48, 68) | (36, 9) | (51, 92) | (48, 31) | (98, 12) | (82, 13) | (59, 78) | (77, 89) | (15, 74) | (97, 39) | (28, 76) | (91, 50) | (75, 40) | (21, 28) | (4, 58) | (22, 14) | (25, 40) | (85, 63)
((76, 32), (35, 20), (17, 9)) | (22, 82) | (80, 63) | (8, 81) | (6, 51) | (83, 27) | (46, 68) | (14, 55) | (43, 29) | (32, 41) | (2, 78) | (53, 58) | (29, 12) | (79, 82) | (15, 90) | (0, 87) | (55, 26) | (25, 52) | (91, 21) | (54, 12) | (5, 68) | (51, 79) | (19, 1) | (65, 90) | (9, 92) | (32, 96) | (88, 77) | (82, 73) | (38, 46) | (44, 7) | (64, 26) | (62, 72) | (19, 12) | (42, 30) | (53, 18) | (91, 92) | (76, 71) | (6, 65) | (67, 83) | (53, 63) | (80, 44) | (74, 4) | (50, 39) | (62, 23) | (10, 70) | (4, 42) | (96, 0) | (37, 36) | (79, 4) | (70, 37) | (87, 49)
((72, 4), (38, 53), (8, 6)) | (86, 95) | (71, 80) | (49, 12) | (47, 96) | (14, 21) | (56, 23) | (58, 92) | (38, 64) | (20, 32) | (39, 55) | (23, 24) | (92, 29) | (58, 99) | (78, 11) | (59, 57) | (9, 45) | (8, 44) | (31, 14) | (74, 92) | (75, 6) | (7, 28) | (60, 1) | (84, 71) | (37, 21) | (33, 8) | (33, 40) | (76, 32) | (58, 31) | (36, 52) | (24, 49) | (1, 85) | (13, 20) | (33, 0) | (27, 82) | (46, 97) | (84, 7) | (38, 51) | (15, 50) | (11, 27) | (50, 72) | (17, 4) | (31, 42) | (10, 87) | (29, 74) | (66, 42) | (55, 92) | (8, 5) | (35, 96) | (30, 27) | (83, 10)
((49, 94), (33, 72), (94, 12)) | (46, 26) | (26, 5) | (84, 19) | (89, 8) | (67, 4) | (60, 74) | (70, 76) | (61, 2) | (61, 85) | (98, 81) | (20, 25) | (51, 18) | (59, 25) | (76, 46) | (77, 93) | (77, 87) | (94, 94) | (68, 27) | (44, 16) | (46, 82) | (99, 73) | (49, 90) | (77, 1) | (71, 76) | (55, 27) | (62, 36) | (77, 89) | (36, 4) | (45, 65) | (98, 50) | (10, 93) | (71, 87) | (51, 19) | (57, 80) | (75, 25) | (23, 89) | (77, 33) | (78, 53) | (15, 13) | (47, 90) | (9, 82) | (74, 39) | (13, 14) | (66, 28) | (1, 17) | (96, 92) | (29, 61) | (49, 27) | (45, 55) | (24, 87)
((73, 55), (35, 53), (87, 43)) | (61, 77) | (4, 2) | (91, 97) | (8, 70) | (7, 29) | (21, 7) | (77, 67) | (85, 16) | (2, 22) | (74, 7) | (99, 63) | (17, 37) | (93, 35) | (45, 55) | (56, 87) | (72, 91) | (10, 10) | (98, 10) | (50, 36) | (85, 29) | (62, 54) | (9, 24) | (87, 33) | (9, 16) | (91, 61) | (66, 59) | (13, 1) | (54, 64) | (83, 9) | (38, 33) | (65, 83) | (51, 69) | (34, 12) | (32, 84) | (84, 50) | (29, 29) | (16, 12) | (7, 39) | (2, 12) | (46, 59) | (16, 17) | (32, 97) | (41, 15) | (26, 99) | (35, 27) | (64, 40) | (50, 90) | (71, 22) | (7, 90) | (5, 22)
((15, 62), (8, 93), (39, 42)) | (11, 28) | (27, 41) | (43, 35) | (55, 8) | (91, 76) | (70, 23) | (80, 89) | (77, 90) | (94, 88) | (85, 6) | (63, 4) | (23, 75) | (25, 58) | (7, 35) | (64, 85) | (87, 2) | (30, 42) | (3, 17) | (69, 16) | (72, 15) | (10, 24) | (16, 56) | (89, 68) | (8, 45) | (85, 47) | (54, 45) | (17, 24) | (10, 4) | (93, 29) | (80, 90) | (28, 58) | (72, 51) | (1, 30) | (86, 43) | (72, 44) | (52, 57) | (70, 74) | (79, 25) | (3, 34) | (69, 2) | (10, 54) | (80, 38) | (52, 25) | (74, 62) | (54, 62) | (87, 97) | (74, 31) | (33, 86) | (0, 79) | (90, 66)
((13, 98), (91, 97), (74, 72)) | (29, 20) | (69, 55) | (1, 67) | (65, 95) | (69, 90) | (21, 17) | (32, 53) | (84, 86) | (22, 15) | (6, 86) | (85, 75) | (73, 1) | (69, 63) | (53, 8) | (27, 27) | (24, 24) | (34, 18) | (18, 93) | (11, 56) | (53, 19) | (48, 8) | (13, 83) | (5, 9) | (31, 76) | (84, 2) | (33, 98) | (16, 51) | (35, 39) | (12, 25) | (12, 65) | (31, 95) | (37, 66) | (92, 62) | (25, 0) | (51, 28) | (80, 95) | (42, 51) | (82, 58) | (48, 75) | (39, 6) | (91, 65) | (98, 64) | (21, 98) | (77, 32) | (63, 39) | (79, 44) | (65, 10) | (28, 43) | (93, 61) | (76, 84)
((80, 90), (46, 51), (87, 45)) | (22, 92) | (42, 52) | (18, 53) | (16, 69) | (57, 64) | (67, 28) | (53, 78) | (64, 61) | (8, 36) | (39, 70) | (82, 60) | (46, 77) | (77, 59) | (78, 13) | (8, 62) | (14, 94) | (8, 27) | (72, 22) | (60, 57) | (2, 19) | (37, 3) | (11, 12) | (17, 38) | (54, 67) | (45, 82) | (45, 55) | (8, 21) | (2, 22) | (60, 32) | (31, 29) | (63, 92) | (87, 90) | (81, 47) | (56, 76) | (80, 84) | (53, 92) | (49, 57) | (6, 58) | (70, 38) | (10, 52) | (14, 33) | (2, 95) | (68, 70) | (63, 57) | (67, 23) | (99, 39) | (23, 84) | (98, 81) | (10, 91) | (86, 10)
((68, 96), (50, 33), (59, 15)) | (46, 40) | (98, 82) | (83, 34) | (73, 72) | (5, 41) | (6, 96) | (53, 96) | (23, 52) | (59, 46) | (45, 33) | (26, 81) | (89, 45) | (9, 15) | (26, 35) | (47, 1) | (90, 74) | (84, 37) | (24, 13) | (6, 75) | (18, 87) | (45, 96) | (86, 67) | (68, 90) | (2, 46) | (18, 52) | (52, 75) | (56, 8) | (79, 47) | (19, 43) | (52, 13) | (15, 13) | (56, 89) | (17, 55) | (82, 45) | (36, 0) | (4, 25) | (11, 50) | (80, 96) | (64, 62) | (80, 37) | (21, 23) | (51, 5) | (76, 24) | (12, 95) | (23, 79) | (12, 92) | (9, 25) | (54, 4) | (25, 95) | (60, 24)
((43, 91), (69, 16), (31, 50)) | (48, 44) | (45, 16) | (94, 68) | (57, 97) | (43, 73) | (16, 58) | (81, 2) | (81, 50) | (82, 60) | (90, 82) | (37, 55) | (46, 53) | (47, 52) | (3, 72) | (53, 46) | (21, 81) | (67, 89) | (29, 52) | (10, 62) | (23, 11) | (2, 8) | (12, 25) | (81, 31) | (29, 32) | (56, 86) | (7, 19) | (0, 3) | (30, 36) | (37, 44) | (92, 21) | (47, 19) | (56, 31) | (91, 27) | (18, 31) | (94, 26) | (35, 86) | (94, 99) | (94, 96) | (18, 72) | (90, 71) | (64, 30) | (54, 86) | (62, 11) | (50, 3) | (0, 20) | (14, 20) | (99, 95) | (17, 32) | (39, 29) | (48, 49)
((98, 21), (71, 32), (62, 61)) | (38, 11) | (12, 50) | (60, 75) | (75, 33) | (95, 78) | (37, 73) | (12, 87) | (39, 86) | (65, 95) | (35, 80) | (81, 82) | (25, 52) | (91, 38) | (42, 81) | (90, 84) | (16, 41) | (44, 81) | (90, 19) | (93, 90) | (44, 30) | (51, 83) | (99, 84) | (13, 33) | (84, 31) | (87, 70) | (47, 95) | (87, 81) | (26, 28) | (91, 44) | (24, 25) | (58, 30) | (69, 32) | (91, 95) | (58, 46) | (19, 96) | (26, 98) | (45, 55) | (17, 38) | (85, 15) | (79, 2) | (24, 73) | (46, 18) | (58, 83) | (17, 87) | (7, 19) | (40, 68) | (94, 39) | (93, 94) | (56, 48) | (62, 38)
((92, 98), (4, 52), (26, 10)) | (24, 40) | (61, 82) | (97, 36) | (76, 17) | (63, 23) | (78, 67) | (39, 71) | (86, 75) | (56, 31) | (55, 48) | (68, 65) | (90, 63) | (58, 45) | (40, 20) | (77, 69) | (86, 89) | (38, 43) | (36, 25) | (40, 7) | (91, 23) | (47, 25) | (64, 46) | (69, 48) | (6, 72) | (56, 6) | (55, 97) | (8, 79) | (8, 64) | (13, 35) | (15, 82) | (61, 69) | (70, 72) | (82, 11) | (98, 34) | (69, 25) | (74, 45) | (53, 15) | (83, 43) | (26, 23) | (27, 36) | (51, 18) | (78, 2) | (84, 86) | (0, 66) | (65, 24) | (26, 27) | (18, 87) | (22, 93) | (84, 85) | (31, 60)
((32, 77), (99, 10), (63, 32)) | (55, 54) | (50, 96) | (34, 26) | (85, 44) | (51, 35) | (24, 10) | (89, 95) | (82, 29) | (47, 31) | (74, 41) | (31, 15) | (37, 44) | (80, 53) | (85, 47) | (67, 13) | (39, 56) | (50, 30) | (76, 49) | (30, 48) | (99, 89) | (47, 27) | (19, 20) | (44, 1) | (86, 74) | (21, 18) | (22, 83) | (79, 41) | (63, 50) | (46, 35) | (33, 92) | (92, 60) | (93, 88) | (37, 2) | (27, 53) | (93, 8) | (70, 54) | (67, 67) | (20, 26) | (43, 34) | (62, 13) | (52, 89) | (31, 40) | (7, 19) | (13, 21) | (62, 31) | (46, 75) | (31, 14) | (89, 58) | (41, 72) | (28, 97)
((88, 98), (33, 8), (58, 11)) | (72, 0) | (61, 88) | (49, 50) | (28, 11) | (82, 59) | (12, 55) | (53, 41) | (42, 38) | (25, 56) | (63, 32) | (65, 50) | (16, 37) | (40, 42) | (83, 47) | (5, 59) | (90, 21) | (59, 86) | (69, 89) | (94, 21) | (27, 81) | (21, 55) | (57, 39) | (0, 21) | (97, 70) | (86, 61) | (60, 80) | (48, 57) | (91, 19) | (45, 35) | (55, 38) | (6, 88) | (67, 23) | (84, 58) | (86, 96) | (14, 15) | (30, 85) | (8, 14) | (20, 33) | (22, 11) | (91, 32) | (38, 88) | (75, 10) | (28, 65) | (42, 93) | (94, 81) | (44, 80) | (96, 79) | (73, 64) | (56, 74) | (82, 17)
((76, 60), (40, 15), (85, 29)) | (53, 89) | (39, 11) | (63, 40) | (38, 49) | (70, 30) | (7, 79) | (65, 68) | (53, 41) | (65, 9) | (75, 8) | (94, 99) | (62, 8) | (42, 24) | (35, 20) | (55, 91) | (85, 34) | (27, 65) | (67, 8) | (45, 64) | (86, 43) | (75, 0) | (62, 70) | (47, 30) | (5, 62) | (45, 51) | (49, 87) | (0, 74) | (86, 95) | (60, 74) | (29, 93) | (70, 40) | (5, 72) | (83, 49) | (92, 42) | (4, 22) | (55, 67) | (78, 80) | (66, 18) | (70, 3) | (94, 10) | (55, 73) | (27, 38) | (86, 89) | (37, 66) | (27, 91) | (72, 75) | (52, 2) | (53, 15) | (6, 91) | (8, 85)
((67, 11), (50, 90), (65, 12)) | (70, 70) | (56, 83) | (89, 14) | (39, 77) | (56, 61) | (88, 5) | (63, 55) | (71, 57) | (37, 38) | (45, 76) | (61, 99) | (33, 66) | (84, 34) | (85, 76) | (81, 46) | (75, 97) | (45, 68) | (30, 12) | (2, 70) | (32, 41) | (20, 48) | (36, 3) | (24, 1) | (0, 46) | (14, 7) | (42, 5) | (77, 46) | (10, 7) | (26, 18) | (73, 77) | (19, 50) | (66, 98) | (44, 81) | (94, 22) | (54, 8) | (79, 74) | (92, 39) | (73, 26) | (26, 54) | (87, 55) | (14, 33) | (80, 70) | (83, 50) | (32, 22) | (15, 86) | (50, 77) | (80, 53) | (72, 86) | (11, 10) | (79, 83)
((94, 17), (71, 12), (26, 93)) | (38, 59) | (48, 89) | (89, 63) | (4, 18) | (57, 44) | (47, 45) | (9, 13) | (25, 75) | (19, 27) | (80, 75) | (13, 25) | (81, 81) | (45, 14) | (32, 8) | (80, 62) | (45, 63) | (13, 50) | (14, 72) | (60, 15) | (11, 86) | (67, 85) | (20, 36) | (44, 82) | (3, 23) | (88, 82) | (0, 76) | (25, 52) | (41, 37) | (46, 67) | (31, 45) | (57, 26) | (62, 93) | (31, 51) | (73, 63) | (77, 90) | (72, 36) | (26, 1) | (85, 93) | (92, 93) | (76, 49) | (46, 65) | (80, 45) | (55, 79) | (55, 57) | (29, 93) | (99, 23) | (93, 90) | (97, 96) | (93, 15) | (60, 97)
((97, 17), (32, 67), (65, 79)) | (61, 3) | (98, 89) | (50, 76) | (41, 83) | (11, 81) | (0, 40) | (68, 96) | (10, 1) | (44, 27) | (7, 24) | (19, 92) | (8, 70) | (95, 42) | (46, 7) | (71, 27) | (56, 40) | (50, 61) | (96, 82) | (17, 86) | (6, 69) | (0, 4) | (77, 86) | (87, 98) | (99, 47) | (62, 11) | (32, 89) | (83, 43) | (96, 34) | (46, 42) | (22, 15) | (49, 24) | (67, 29) | (29, 5) | (79, 40) | (63, 3) | (86, 82) | (13, 80) | (95, 49) | (19, 58) | (69, 92) | (63, 47) | (30, 52) | (88, 0) | (37, 27) | (83, 91) | (99, 59) | (11, 8) | (99, 57) | (47, 77) | (73, 82)
((39, 96), (88, 20), (23, 50)) | (37, 32) | (77, 82) | (33, 28) | (16, 97) | (9, 42) | (14, 53) | (15, 14) | (8, 54) | (42, 17) | (0, 77) | (8, 36) | (52, 21) | (55, 47) | (31, 75) | (22, 67) | (25, 47) | (92, 57) | (82, 23) | (22, 65) | (69, 58) | (96, 86) | (31, 73) | (71, 76) | (50, 11) | (61, 87) | (6, 87) | (27, 43) | (11, 51) | (89, 13) | (38, 42) | (20, 32) | (52, 6) | (4, 28) | (19, 64) | (56, 60) | (89, 21) | (20, 89) | (62, 77) | (73, 7) | (85, 20) | (43, 83) | (69, 30) | (23, 85) | (97, 64) | (65, 9) | (89, 54) | (44, 41) | (78, 56) | (91, 13) | (56, 72)
((17, 95), (9, 41), (33, 87)) | (60, 64) | (77, 52) | (29, 28) | (11, 40) | (48, 33) | (96, 73) | (80, 55) | (81, 30) | (20, 93) | (20, 89) | (6, 51) | (64, 18) | (65, 61) | (91, 51) | (68, 14) | (1, 61) | (41, 73) | (91, 50) | (37, 86) | (50, 11) | (8, 71) | (34, 52) | (4, 7) | (47, 57) | (72, 1) | (76, 34) | (57, 49) | (56, 22) | (65, 58) | (32, 38) | (34, 68) | (51, 6) | (78, 27) | (85, 92) | (11, 61) | (30, 97) | (24, 40) | (69, 92) | (77, 83) | (4, 78) | (74, 47) | (90, 57) | (32, 54) | (22, 61) | (98, 41) | (87, 32) | (31, 96) | (22, 55) | (10, 80) | (90, 8)
((99, 2), (93, 12), (52, 29)) | (40, 7) | (27, 21) | (46, 70) | (18, 12) | (80, 56) | (9, 85) | (72, 35) | (86, 16) | (66, 92) | (72, 4) | (2, 46) | (69, 19) | (34, 66) | (11, 5) | (46, 43) | (68, 7) | (33, 3) | (27, 91) | (97, 63) | (88, 83) | (86, 21) | (28, 33) | (61, 26) | (81, 38) | (59, 14) | (57, 1) | (33, 97) | (82, 48) | (89, 15) | (47, 95) | (73, 3) | (63, 25) | (23, 80) | (32, 0) | (74, 52) | (46, 5) | (69, 65) | (40, 16) | (27, 54) | (85, 94) | (25, 90) | (30, 38) | (22, 95) | (73, 45) | (94, 38) | (7, 96) | (68, 17) | (63, 54) | (65, 82) | (44, 91)
((22, 24), (77, 82), (54, 0)) | (14, 89) | (73, 36) | (37, 0) | (44, 31) | (60, 32) | (53, 49) | (26, 41) | (69, 11) | (39, 22) | (84, 56) | (38, 54) | (82, 66) | (17, 31) | (76, 98) | (87, 97) | (70, 41) | (8, 37) | (35, 34) | (15, 98) | (64, 38) | (84, 60) | (87, 37) | (82, 34) | (22, 62) | (35, 70) | (87, 95) | (52, 72) | (84, 73) | (40, 73) | (45, 15) | (7, 11) | (19, 36) | (5, 73) | (57, 31) | (89, 26) | (72, 51) | (50, 2) | (76, 78) | (4, 2) | (59, 21) | (71, 95) | (98, 46) | (53, 65) | (8, 35) | (17, 34) | (39, 70) | (0, 54) | (0, 11) | (17, 56) | (65, 35)
((30, 55), (50, 48), (73, 91)) | (82, 83) | (69, 48) | (67, 91) | (14, 37) | (18, 17) | (22, 65) | (94, 22) | (38, 11) | (29, 67) | (68, 73) | (60, 7) | (58, 96) | (68, 18) | (21, 46) | (74, 29) | (81, 45) | (19, 8) | (55, 4) | (5, 55) | (14, 18) | (37, 71) | (45, 98) | (90, 32) | (20, 43) | (89, 77) | (51, 68) | (97, 99) | (97, 35) | (30, 16) | (64, 10) | (96, 87) | (93, 15) | (74, 79) | (64, 26) | (82, 38) | (54, 47) | (71, 31) | (85, 77) | (72, 34) | (26, 34) | (74, 78) | (28, 22) | (7, 29) | (9, 79) | (14, 24) | (58, 14) | (16, 79) | (37, 86) | (60, 35) | (35, 32)
((80, 3), (46, 79), (34, 59)) | (81, 25) | (30, 11) | (51, 60) | (23, 19) | (24, 84) | (15, 79) | (85, 30) | (85, 40) | (75, 48) | (23, 46) | (6, 97) | (15, 75) | (10, 27) | (51, 31) | (89, 68) | (50, 18) | (60, 66) | (92, 54) | (55, 83) | (29, 78) | (15, 13) | (63, 75) | (58, 41) | (27, 25) | (44, 94) | (58, 95) | (1, 58) | (4, 84) | (2, 36) | (74, 72) | (64, 86) | (46, 8) | (7, 48) | (10, 45) | (25, 76) | (99, 14) | (51, 49) | (7, 44) | (16, 28) | (72, 98) | (18, 58) | (6, 9) | (22, 57) | (18, 81) | (95, 81) | (29, 16) | (87, 8) | (75, 50) | (88, 26) | (15, 60)
((11, 42), (53, 6), (32, 80)) | (32, 82) | (55, 64) | (83, 69) | (14, 16) | (12, 23) | (83, 74) | (61, 51) | (63, 57) | (21, 11) | (14, 5) | (30, 29) | (88, 52) | (34, 98) | (6, 35) | (34, 30) | (17, 33) | (95, 59) | (12, 66) | (98, 71) | (10, 75) | (58, 27) | (1, 87) | (6, 98) | (33, 60) | (2, 1) | (67, 96) | (43, 59) | (27, 89) | (56, 21) | (49, 91) | (54, 3) | (51, 27) | (70, 82) | (81, 39) | (62, 91) | (43, 2) | (6, 78) | (83, 22) | (40, 21) | (68, 48) | (75, 50) | (75, 84) | (22, 97) | (48, 68) | (21, 86) | (89, 47) | (23, 88) | (35, 50) | (7, 96) | (20, 10)
((29, 93), (97, 45), (5, 15)) | (16, 44) | (38, 58) | (15, 52) | (83, 31) | (35, 15) | (29, 44) | (23, 85) | (3, 1) | (47, 67) | (18, 41) | (11, 91) | (19, 23) | (33, 89) | (17, 50) | (1, 12) | (85, 25) | (65, 71) | (36, 1) | (54, 12) | (36, 61) | (65, 56) | (56, 92) | (87, 80) | (25, 39) | (75, 96) | (29, 21) | (11, 46) | (22, 12) | (70, 18) | (12, 67) | (61, 47) | (58, 63) | (11, 50) | (10, 95) | (68, 53) | (90, 4) | (24, 60) | (84, 12) | (2, 36) | (72, 61) | (90, 0) | (17, 63) | (37, 36) | (26, 29) | (89, 7) | (95, 53) | (71, 28) | (21, 50) | (68, 52) | (14, 10)
((35, 19), (78, 46), (70, 26)) | (27, 71) | (33, 8) | (86, 24) | (67, 51) | (71, 28) | (33, 58) | (2, 51) | (37, 61) | (4, 66) | (40, 83) | (24, 92) | (32, 44) | (53, 32) | (95, 74) | (19, 91) | (74, 93) | (69, 96) | (77, 88) | (50, 75) | (76, 67) | (61, 13) | (89, 31) | (98, 31) | (17, 85) | (83, 52) | (68, 45) | (7, 97) | (6, 2) | (98, 18) | (38, 53) | (13, 88) | (88, 73) | (42, 54) | (12, 59) | (48, 87) | (32, 19) | (35, 82) | (91, 82) | (89, 68) | (75, 53) | (65, 22) | (73, 74) | (67, 46) | (28, 89) | (16, 61) | (6, 37) | (74, 15) | (30, 24) | (77, 94) | (65, 64)
((35, 44), (11, 90), (90, 3)) | (18, 78) | (52, 22) | (72, 34) | (92, 50) | (57, 45) | (80, 33) | (62, 37) | (19, 7) | (56, 82) | (99, 59) | (39, 68) | (40, 91) | (58, 13) | (79, 95) | (95, 18) | (73, 21) | (48, 57) | (79, 72) | (15, 99) | (70, 72) | (16, 41) | (36, 0) | (49, 1) | (80, 29) | (17, 35) | (70, 27) | (45, 36) | (84, 85) | (37, 58) | (36, 89) | (94, 75) | (70, 32) | (72, 60) | (29, 31) | (93, 75) | (90, 42) | (67, 13) | (41, 49) | (70, 63) | (81, 84) | (85, 93) | (31, 89) | (45, 59) | (66, 24) | (40, 14) | (97, 27) | (18, 99) | (60, 80) | (49, 5) | (34, 44)
